word,tag,degree,page_rank
100-year,A,33,0.00013040911517626434
anything,N,219,0.0005443572499968611
disaster,N,33,0.00013040911517626434
ever,R,741,0.001627378862345982
experience,V,33,0.00013040911517626434
flood,N,58,0.00022533182648367225
it,O,7784,0.016097224270008398
many,A,489,0.0011110314917349422
see,V,1507,0.003260534219615231
take,V,2940,0.006080002781511289
they,O,3781,0.007645679225050419
we,O,21107,0.034492004697972055
11th,A,8,7.040624751088499e-05
fight,V,1142,0.0022909566293155452
i,O,7919,0.015133335635267873
my,O,2662,0.005427570634778687
our,O,7070,0.014500563384456652
today,N,3116,0.006313245393558184
weather,N,146,0.00037669810758814663
week,N,1871,0.0035357582231050947
12-year-old,A,80,0.000204875223074414
act,V,1477,0.002936310397130021
action,N,3174,0.006807284524757902
call,V,733,0.0016281518603399891
change,N,3885,0.008318073591256546
duty,N,160,0.0004186510263679237
hear,V,565,0.0012045745615237914
meet,V,240,0.0005936439053947847
moment,N,176,0.0004377289002310855
morning,N,278,0.0006696830671322667
people,N,4017,0.008510913657124976
planet,N,1291,0.002857552417649922
please,V,732,0.0017039147666913282
powerful,A,157,0.0003949236134559663
protect,V,350,0.0008493666253535621
protest,V,400,0.0008356509253169312
raise,V,525,0.0010660630166920851
say,V,1471,0.0033969055555383553
she,O,1575,0.0028751937732064852
speech,N,394,0.0006991232302737907
student,N,2713,0.0057373194817388765
their,O,3163,0.006930328220071138
voice,N,551,0.0011606126024659759
watch,V,404,0.0009629594829166923
world,N,2625,0.005420428538190062
young,A,2701,0.005364850115163692
13th,A,25,0.00010842318046502366
activist,N,766,0.0019067786267384253
best,A,183,0.00047507979039500286
birthday,N,52,0.00016237107055801792
come,V,1232,0.002727742256693598
day,N,1888,0.00408385998247978
even,R,483,0.0011793413521167676
friend,N,199,0.0005060766676350174
get,V,1801,0.004178763648833434
governor,N,25,0.00010842318046502366
great,A,780,0.0018721920315309009
new,A,5208,0.00767233464472157
party,N,208,0.000580395044640174
really,R,320,0.0007641039627562933
sit,V,122,0.00033951851419098094
strike,N,3811,0.008214598437555887
thank,V,638,0.0014065307491791942
you,O,7696,0.01521148314241274
16-year-old,A,114,0.00030776594583213445
22-year-old,A,10,8.024459924534613e-05
84-year-old,A,24,0.00011252368270374521
actually,R,86,0.0002498513685555651
adult,N,696,0.0014628845719250468
conservation,N,40,0.00016921360563462801
crisis,N,2996,0.005688499571500273
expert,N,78,0.00024070865332019798
full,A,305,0.0007237332799775361
huq,N,21,9.416885955876547e-05
join,V,1694,0.0037481683107503244
leader,N,939,0.002072566400606225
make,V,2511,0.005079035354798496
march,V,56,0.00018466475710148634
marching,N,16,0.00010287764490993201
movement,N,785,0.0017424746404526466
need,V,7286,0.010015470847840045
nominate,V,90,0.0002392652577581443
park,N,23,0.00011767790225562972
parliament,N,1556,0.0026668888417310807
peace,N,78,0.00022128228496432799
politician,N,543,0.0012228595688041537
prize,N,108,0.0002773338437036562
protest,N,1378,0.0034861846882532008
quickly,R,41,0.00014418247411800668
school,N,6047,0.011008326535172485
solve,V,183,0.00037810585273649215
start,V,791,0.0016349247700876387
strike,V,807,0.0016368460273214881
sure,A,858,0.001388378428087515
talk,V,409,0.0009900262111226183
teen,N,90,0.000273054448451221
thousand,N,577,0.001216358410962758
us,O,7025,0.013225276079947735
walk,V,156,0.00040832229902686607
21st,A,19,9.34695643260561e-05
fact,N,301,0.000707286661956938
kid,N,1462,0.0032882150461416917
last,A,605,0.0013854671596993124
life,N,1273,0.0025761110523805195
look,V,485,0.0012803906805458746
month,N,144,0.00041220648860829627
responsibility,N,151,0.0003678296440827237
second,A,42,0.00015948512864783127
them,O,4395,0.007762889823576412
way,N,2255,0.00335671078774468
year,N,1108,0.0024733440574042195
31st,A,19,9.434087918542238e-05
allow,V,115,0.0003309892625605392
believe,V,326,0.0008349548628294015
election,N,85,0.0002542379697148822
great,N,19,9.434087918542238e-05
listen,V,369,0.0008115723805591803
real,A,633,0.0012885081299917082
stand,V,1008,0.002111689949056858
tell,V,1218,0.0025302644219025484
time,N,2581,0.0052697946823770875
7yo,N,23,0.00010857829970934454
announce,V,54,0.00021117637610986012
ask,V,264,0.0006807522406440253
bumblebee,N,23,0.00010857829970934454
company,N,630,0.0011391614589045134
cute,A,23,0.00010857829970934454
he,O,453,0.001125628361385563
him,O,116,0.0003295687159745115
his,O,396,0.0009932621558678672
intention,N,23,0.00010857829970934454
put,V,459,0.0011415711215384552
save,V,933,0.0019717793129200418
something,N,769,0.00168463093913054
suggest,V,94,0.0002502640346531925
think,V,3122,0.004850461841646949
want,V,1673,0.0032119515816259525
ability,N,21,9.67672500436886e-05
blog,N,34,0.0001272764760511783
care,V,197,0.000481169840435468
change,V,283,0.0006910167239613378
go,V,2681,0.005497920115659457
late,A,680,0.0014498545850782376
power,N,734,0.0014381522556303449
read,V,248,0.000628571545410424
scared,A,47,0.00015061318755006574
thing,N,504,0.0011116130854205099
able,A,26,0.00010891450723005647
extinction,N,2409,0.005873189021759122
finally,R,67,0.00022487629682291466
keep,V,583,0.0012835127907215925
rebel,N,106,0.000344808100118587
side,N,124,0.0003590562014348313
town,N,183,0.0004309716625397284
absolute,A,260,0.000514020259358221
class,N,502,0.0011211842897262418
criticism,N,260,0.000514020259358221
grotesque,A,260,0.000514020259358221
incompetent,A,260,0.000514020259358221
indulgent,A,260,0.000514020259358221
live,V,1363,0.002505804414599287
load,N,268,0.0005390708121828063
rebellion,N,2597,0.006231557632797614
self,N,279,0.0005727034149033509
share,N,274,0.0005423984319466998
absolutely,R,12,0.00010391754106253603
critical,A,25,0.00015528868608280386
engagement,N,12,0.00010391754106253603
everyone,N,1757,0.0030010113712096373
experience,N,16,0.00011361098535122817
part,N,877,0.0018991741494682507
abuse,V,66,0.00021130997367284205
buy,V,51,0.0002103734815120898
captivity,N,12,0.00010968696960518655
difference,N,271,0.0005729019140364131
dolphin,N,27,0.0001737541582828087
lead,V,420,0.0009701801857214618
lonely,A,17,0.00013701993519735234
memory,N,12,0.00010968696960518657
old,A,1275,0.0025000447730214193
positive,A,172,0.00038190630687519805
profit,N,118,0.00036911516126698
show,N,12,0.00010968696960518655
steal,V,275,0.0006660881571196407
suffer,V,42,0.00018691217967568277
ticket,N,121,0.0003491026318448246
vote,V,211,0.0005254737312546957
academic,N,12,9.380690388633336e-05
letter,N,499,0.0009923164106158137
plan,V,209,0.0004972357794460572
support,V,1393,0.0029977823344413874
teacher,N,232,0.0006507216743646035
throw,V,8,8.377523367742287e-05
weight,N,8,8.377523367742287e-05
academy,N,56,0.00015746831923918748
demand,V,580,0.0012646611894620546
education,N,534,0.001063564441236505
launch,V,80,0.00021602493409504683
lesson,N,644,0.0010838223060240803
science,N,422,0.0009175442411919294
accelerate,V,29,0.0001286399218470999
collapse,N,172,0.0005068225432204039
community,N,142,0.0003980938217529435
deal,N,545,0.0011876401138035595
deep,A,51,0.00019489870051869903
emergency,N,601,0.001522169819673672
federal,A,50,0.0001634242698447646
give,V,586,0.0012719882209596097
green,A,771,0.0016870965764303391
happen,V,438,0.0010505216921499754
lot,N,178,0.0004878855105119183
message,N,444,0.0010482384100309599
recede,V,13,8.775954503214441e-05
screening,N,6,6.933403272851301e-05
sign,N,235,0.000573269936306772
soon,R,416,0.0008739751780645469
trouble,N,13,8.775954503214441e-05
accept,V,504,0.0010031038550585582
affirm,V,20,0.0001000596816655101
amazing,A,221,0.0005256325542423283
avoid,V,98,0.00027429499241898213
bad,A,628,0.0011512679726484905
breakdown,N,264,0.0006456119224870761
cause,V,242,0.0006102165264366812
cent,N,18,0.00011935856847520725
child,N,1274,0.0028182457231198167
citizen,N,106,0.0003242792434464404
clear,A,154,0.00045014221564240264
convenient,A,14,8.207986520031924e-05
damage,N,107,0.0003175471476900983
danger,N,69,0.00021547727232671792
deny,V,77,0.000247857816577142
devastation,N,355,0.0006304599535689885
difficulty,N,20,0.0001000596816655101
discuss,V,65,0.00022312627247677718
dream,N,341,0.0006187117571513687
dumb,A,14,8.574979110543071e-05
endorse,V,34,0.0001340597204640442
estimate,V,18,0.00011935856847520725
excuse,N,378,0.0007272778147587442
fear,N,469,0.0008457683441217675
fight,N,234,0.0005200890750149115
financial,A,21,0.00014130223416644933
future,N,1948,0.003926914862602196
genuine,A,18,0.00011935856847520725
good,A,1102,0.0025400544331491987
government,N,481,0.0011391771798777677
greedy,A,30,0.00012617378729796327
grow,V,378,0.0008212118899915718
honest,A,11,8.107616936459506e-05
hop,V,338,0.0005979098588460511
horror,N,34,0.0001340597204640442
humanity,N,311,0.0007439609145406054
impose,V,18,0.00011935856847520725
inhumane,A,13,8.566228968107453e-05
injustice,N,72,0.00021447425020686234
interest,N,67,0.00021903628476116604
involvement,N,22,0.00013478145393730023
never,R,344,0.00086705523411553
nothing,N,377,0.0009056719477337724
passively,R,48,0.00016654321489336312
perhaps,R,67,0.00024544767854368807
plan,N,133,0.0004368703259636572
population,N,46,0.00018826389705568053
precipitate,V,18,0.00011935856847520725
reality,N,41,0.00015291739847401095
result,N,28,0.00012664132993603952
ruling,N,18,0.00011935856847520725
scientist,N,923,0.001968739034383906
send,V,186,0.0005200087042790395
serious,A,244,0.0005484007444594093
solidarity,N,438,0.001005706766817536
standard,N,4,6.375438562170158e-05
strategy,N,77,0.00028629359156019755
striker,N,727,0.001359572617597613
strong,A,308,0.0006608398222312661
system,N,782,0.001666212797768502
teach,V,55,0.0001849200900696921
thrive,V,34,0.0001340597204640442
truth,N,193,0.0006016207787302811
urgent,A,301,0.0006792450111321095
voiceless,A,17,8.62307295381845e-05
witness,V,44,0.00016461959401142516
wont,V,13,8.566228968107453e-05
word,N,168,0.000395451463453641
write,V,456,0.000904199217812273
yet,R,220,0.0005595392896323487
youth,N,935,0.0020618103255550012
access,N,37,0.00016800301732160553
achieve,V,77,0.0002958575388238385
band,N,19,0.00012459566620310716
begin,V,440,0.0008731051152074632
cold,A,65,0.00026419486015285534
crowd,N,20,0.00011373300980675812
drum,N,30,0.00014087539700534187
electricity,N,46,0.00018024079551467735
energy,N,395,0.0012386494834525632
flag,N,19,0.00011299121626092142
flat,A,20,0.00011464121921528448
food,N,169,0.0005534047751900792
forum,N,34,0.0001517240609126009
free,A,178,0.0005027231121763443
gather,V,54,0.0002035197929533858
goal,N,139,0.0003749801179534536
help,V,566,0.001230346908539913
know-alls,V,20,0.00011464121921528448
light,N,108,0.00038992024394749104
mixed,A,17,0.00010717719344211543
parent,N,322,0.0007535421250270607
phone,N,51,0.00018300554973705433
raw,A,20,0.00011464121921528448
road,N,151,0.00044771451786072776
shower,N,20,0.00011464121921528448
accord,V,388,0.0008076554255414088
already,R,592,0.001200210779487023
anyone,N,52,0.00016795162378075305
beginning,N,370,0.0006454257741758555
big,A,844,0.001993013344002531
coalition,N,10,0.00011515750011485103
continent,N,269,0.000562616356822424
country,N,1360,0.002662472422367396
deforestation,N,67,0.00018643143476317284
denial,N,137,0.0003756426783680621
extinct,A,46,0.00019011962320082985
fee,V,1710,0.002214965042521426
global,A,2675,0.004997356952112532
homework,N,149,0.0003356546215325941
ignorant,A,9,7.764346086507762e-05
loss,N,568,0.001065456248775688
native,A,10,0.00011515750011485103
pass,V,40,0.00013813420683290325
pic,N,148,0.0003402198459684384
picture,N,125,0.0003091167079079558
place,N,882,0.00173362482741334
preserve,V,30,0.0001200603909480589
rate,N,30,0.00019149973903244766
right,N,89,0.0003019288863643602
saw,V,44,0.000200625204437374
scrap,V,10,0.00011515750011485103
single,A,132,0.000445788794736212
soar,V,23,0.00018761638347993703
specie,N,211,0.0005591611777238737
ten,N,402,0.000781697339403508
track,N,24,0.00016295361932521795
university,N,26,0.00011593459651466831
update,N,211,0.00045136372212167933
vegetation,N,10,0.00011515750011485103
vulnerable,A,33,0.0001530822027468011
yesterday,N,262,0.0005539101436377222
accordingly,R,16,8.766497588515374e-05
group,N,359,0.0008830970488660423
line,N,102,0.0002810747867966888
shut,V,114,0.0003198505278658994
your,O,2607,0.005478704590445712
account,N,23,0.00010759660458895513
find,V,516,0.0010698517094744583
issue,N,282,0.00068755449288774
know,V,1211,0.0024617274873396126
related,A,8,7.382470546578136e-05
state,V,58,0.00018647991566834215
supporter,N,77,0.00026039516679689646
wake,V,193,0.0004440881816794114
accurate,A,13,8.874798056629249e-05
follow,V,1007,0.001703451556186271
intend,V,13,8.874798056629249e-05
news,N,292,0.000840877170679159
probably,R,66,0.00023388929455009196
roof,N,17,9.951912457495771e-05
accurately,R,15,8.946778873525647e-05
predict,V,33,0.00014653411168394777
quite,R,28,0.00012624166922691005
rally,N,128,0.0003395024131116113
show,V,1156,0.002233955048263681
weekend,N,103,0.00036180104931933467
ambition,N,303,0.0006336978861520719
announcement,N,15,9.538678664341917e-05
carbon,N,337,0.0008332790503225462
chance,N,83,0.0002541653951316632
choice,N,85,0.0002498259878887641
disobedience,N,384,0.0007881171823113099
distinction,N,27,0.00014490863997484362
easy,A,47,0.00021356698300116877
edge-falling,N,18,0.00010401387029958008
fiercely,R,9,9.65056711226168e-05
lack,V,27,0.00013176967576406987
left-right,A,9,9.65056711226168e-05
massive,A,205,0.0004915907721997488
messaging,N,34,0.00014860184429967037
ordinary,A,18,0.00010401387029958009
overwhelming,A,33,0.00015372006497433872
persuasion,N,18,0.00010401387029958009
politics,N,1692,0.0021636698971347662
produce,V,62,0.00020536599014246476
proud,A,604,0.0012609016011121083
reason,N,214,0.0005322508906716257
reduction,N,53,0.00019940611137986885
report,N,562,0.0009988865837638643
require,V,53,0.000178995691388573
resist,V,56,0.00023337329847660936
source,N,74,0.0002676112916211314
stray,V,18,0.00010401387029958009
transcend,V,9,9.65056711226168e-05
ultimately,R,37,0.00016452384973504843
vital,A,80,0.00024131235719330457
vote,N,3,6.323865031552094e-05
achievement,N,10,8.146992859256427e-05
cause,N,43,0.00017384823431621565
counterproductive,A,10,8.146992859256428e-05
history,N,185,0.0004698251776355874
waste,V,100,0.00024984243703787194
acknowledge,V,31,0.00016739243530409346
animal,N,50,0.00019944045177082483
blame,V,15,0.00010925371317050562
calamity,N,15,0.00010925371317050562
calf,N,39,0.00018773137337958323
death,N,179,0.0005650416994235114
destroy,V,135,0.0004165959218239984
flood,V,55,0.00021729830168476676
journalism,N,19,0.00013260165725026467
noteworthy,A,9,7.5928283838737e-05
platform,N,12,0.00011293771937711237
rancher,N,15,0.00010925371317050562
refuse,V,63,0.00025592383433045143
reluctant,A,15,0.00010925371317050562
reporter,N,7,8.495776415290142e-05
themselves,O,121,0.000391949244859173
acount,N,20,9.246067260224607e-05
set,V,224,0.000608096938724057
small,A,281,0.0006128236567681645
spread,V,236,0.0005772529379144167
acre,N,69,0.0002578267601198398
alfalfa,N,17,0.0001222582895392919
attention,N,336,0.0007298267098187195
baby,N,57,0.00024477404327107613
ban,N,36,0.00015357390877260508
bee,N,36,0.00015357390877260508
bet,V,20,0.0001287521686745836
bird,N,89,0.0003111343523450004
blind,A,25,0.0001404307762447242
blockade,N,24,0.00010910003456569628
bring,V,334,0.0008113089483320621
cancer,N,50,0.00021331256412583665
celebrate,V,195,0.0004767711851572646
coal,N,484,0.0012264135153995936
connection,N,58,0.00021122953481592194
cow,N,23,0.00016766789458639417
crop,N,29,0.0001609233166599365
die,V,197,0.0005883052891998979
everywhere,R,161,0.0004944738984241784
eye,N,59,0.00020864689754314153
important,A,337,0.0008141106038754824
insect,N,501,0.0009516188896541019
its,O,447,0.0011308102351101636
madness,N,45,0.000194126354703417
man,N,77,0.000417628153446238
map,N,104,0.00036579328908826033
orange,A,19,0.00012592923516723293
pesticide,N,439,0.0008191519037482114
point,N,1760,0.002328356843707693
prevalent,A,36,0.00015357390877260508
r,V,51,0.00016765020617481716
scarce,A,17,0.0001222582895392919
shocking,A,17,0.0001222582895392919
spray,V,36,0.00015357390877260508
turn,V,289,0.0007054275784101321
u,O,73,0.00023271312017766538
use,V,1075,0.0019045149407710233
water,N,471,0.0011241341857021257
wonder,V,60,0.0002171402786932176
act,N,2,6.003580525742671e-05
actively,R,69,0.00020678868923241004
age,N,89,0.00025037585739497923
almost,R,676,0.0012157408116139769
amount,N,124,0.00034380863574976796
arent,V,27,0.00011395152762857554
awareness,N,318,0.0006782065345605816
back,R,227,0.0005214335761873479
bear,V,58,0.00017914422557161613
beautiful,A,165,0.0005066671727809451
behave,V,72,0.0002181739660000487
belief,N,19,9.833283322077277e-05
bill,N,105,0.0003117404066124401
biodiversity,N,84,0.0002200388243888847
bold,A,100,0.0003043133041295418
break,V,89,0.0003025960958860528
budget,N,48,0.00015191322021983886
business,N,99,0.0002716269940926621
catastrophic,A,84,0.0002200388243888847
centre,N,106,0.00032346392603866943
check,V,158,0.0004784370667540769
city,N,446,0.0010453663080211859
concerned,A,102,0.000286359062917255
continue,V,730,0.0016515029845033627
cost,N,43,0.00017217849407982666
crew,N,91,0.00026986789301785874
criminal,A,80,0.00025082498780615645
decisive,A,34,0.0001355023470963864
declare,V,258,0.0006176936400111013
decline,N,53,0.00021892162411668467
depend,V,83,0.0002491608787001111
despair,N,57,0.00016447837381052636
detrimental,A,26,0.00013733629496714836
devastating,A,26,0.00012014899075069694
different,A,67,0.00018828671499365358
disrupt,V,92,0.000290861350730951
dissolve,V,60,0.00016818359363497643
donation,N,92,0.00023900262496968648
drive,V,158,0.0004643785017030706
dynamic,N,39,0.00014100998129694875
ecological,A,236,0.000576487927148467
economy,N,59,0.00021110430320796884
effect,N,88,0.0002793162612056484
else,R,63,0.0001939568979024273
encourage,V,55,0.0002148413635018642
essential,A,351,0.0006845805313518661
evidence,N,15,9.44071219686208e-05
example,N,110,0.00031163156864471594
existence,N,84,0.00022003882438888464
existential,A,58,0.00018561140651591581
face,N,159,0.00046738594887990695
fail,V,183,0.00048416303104858614
feel,V,424,0.0009296265969263463
festival,N,68,0.0002235207444706855
floor,N,60,0.00016818359363497643
focus,V,73,0.0002199554832627983
force,V,357,0.0007045684182031599
form,N,113,0.0002792766211889722
fuel,N,879,0.0017796433929794752
geht,V,12,8.304273414410622e-05
generation,N,614,0.0013240514429908238
gonna,V,42,0.00014333209674576318
hand,N,861,0.0014668230380607908
hard,A,69,0.00020564281111671751
heart,N,53,0.00017560055937501258
her,O,1521,0.002785869313181984
hope,N,32,0.00011993277621532477
hope,V,298,0.0006854093206010749
hopeful,A,85,0.00021289432110954972
house,N,1091,0.0019894582763978347
huge,A,542,0.0010585082568838032
illusion,N,57,0.00016447837381052636
immediately,R,148,0.0003667432128152957
implore,V,26,0.00010126191060437598
inaction,N,490,0.0011189203526734304
indefinitely,R,5,6.651484832563758e-05
inertia,N,52,0.0001700995635933146
inherit,V,80,0.00022302432280454175
insist,V,29,0.00011211955721647897
inspire,V,204,0.00046533933586868903
instead,R,157,0.0003920180369163882
institution,N,60,0.0002071129749645993
introduce,V,28,0.0001232220662377292
justice,N,109,0.00036831454435473393
law,N,106,0.00033071234755199
leadership,N,145,0.0003354482213716081
learn,V,251,0.0005878881744663523
leave,V,246,0.0006092549959583953
lend,V,13,8.296965768454288e-05
let,V,3334,0.005992351245230946
lifetime,N,67,0.00018867729353606213
location,N,80,0.00020807216643324185
lose,V,123,0.00031669628037725596
low,A,66,0.00020877360477552313
major,A,87,0.0002635767150644447
mass,N,209,0.0005538151586925498
me,O,695,0.001533550674718135
misery,N,84,0.00022003882438888464
mitigate,V,15,9.44071219686208e-05
money,N,187,0.0004713224182503363
motion,N,49,0.00016893450009558057
msps,N,15,9.710862963998337e-05
near,A,24,9.902882305001877e-05
option,N,14,8.480156906868928e-05
others,N,39,0.00015015722649202025
participate,V,660,0.0011825402937342673
peaceful,A,222,0.0006381939170487253
percent,N,39,0.00014100998129694875
photo,N,164,0.0004902497853055319
political,A,476,0.000995437408168944
pollinator,N,12,8.470961495451275e-05
pose,V,25,0.0001037028435557927
possible,A,185,0.00043354659493415276
pressure,N,64,0.00020718157935536302
priority,N,75,0.00022207610940883836
process,N,72,0.00020384527753771682
rationally,R,15,9.710862963998337e-05
ready,A,281,0.0006110452893223255
reel,V,68,0.00020112118596600587
reject,V,15,9.710862963998337e-05
rely,V,15,9.125451299204896e-05
reminder,N,1821,0.0023716590175214725
research,N,83,0.0002993208497933508
resistance,N,41,0.00016596353867953044
responsibly,R,15,9.710862963998337e-05
right,R,63,0.00018929966051824213
ring,V,34,0.00012276818712444809
rise,V,600,0.001177213908011121
rock,V,13,8.296965768454288e-05
run,V,314,0.0007207901705541343
sacrifice,V,441,0.0008334707671970262
scene,N,24,0.0001334181432296357
scholar,N,79,0.00021402449625536655
school,V,30,0.00011309145344643562
scream,V,60,0.00016992942788073286
sense,N,62,0.0001835976193010695
shortage,N,15,8.994980942844834e-05
shot,N,37,0.0001724918467026254
silver,N,34,0.00012276818712444809
sixth,A,136,0.00035470150849867645
size,N,31,0.00011138374916354981
social,A,46,0.00019498559084364612
someone,N,85,0.0002582806609237548
speed,V,60,0.00016818359363497643
spend,V,210,0.0005328713582095374
starvation,N,55,0.00018771734014930825
state,N,170,0.0005737717784819779
still,R,795,0.0018090139580162526
street,N,202,0.000561089896079276
surfer,N,17,9.032024776053311e-05
sustainable,A,103,0.00028544328861086245
table,N,35,0.00015134386651489466
threat,N,299,0.0007236078105864672
threaten,V,247,0.0005545325501155353
together,R,218,0.0005440646639879431
tomorrow,N,483,0.001054805741789457
training,N,30,0.00013876554893360563
treat,V,247,0.0005551573792449034
turnout,N,41,0.00013251872406829472
tweet,V,58,0.00017367498766472186
untold,A,84,0.00022003882438888467
urgency,N,43,0.0001699940816688347
video,N,155,0.00043544746752830935
visit,V,83,0.00022735504917965402
walkout,N,27,0.00011509493122379743
warn,V,53,0.00019725656282525798
wealth,N,34,0.00012276818712444809
weekly,A,57,0.00016447837381052636
win,V,122,0.0003205209997158414
window,N,39,0.00013525233766874844
yours,O,138,0.000333256009765073
yr,N,189,0.0004086561596058225
active,A,98,0.00024073528033809899
actress,N,19,9.7496407905553e-05
adaptation,N,26,0.00013939436610487728
adorable,A,13,8.089496954879128e-05
afraid,A,22,0.0001047645347463216
agenda,N,17,9.876790262375757e-05
agree,V,70,0.00021550101516364995
allegedly,R,36,0.00013431699919694672
also,R,302,0.000803349076146816
always,R,49,0.00018325860429379504
ambitious,A,51,0.00017472611125549298
angry,A,94,0.0002284034938980421
answer,V,106,0.0002525867973824482
anti-fracking,N,17,9.332605918652587e-05
apology,N,51,0.00016053535107552277
appreciate,V,15,8.822944034703208e-05
approve,V,68,0.00019382131522064627
area,N,59,0.00021555861548952558
argue,V,37,0.00014858516348991544
arrest,V,263,0.0007326666507231245
avert,V,15,8.821814319623967e-05
away,R,323,0.0007387960877993262
back,N,35,0.00012439627246234599
banner,N,100,0.00030739157142891386
beer,N,16,9.821566126616666e-05
behalf,N,97,0.0002852375380595535
block,V,212,0.0006235523174193703
body,N,57,0.00018555672722443117
bridge,N,297,0.0008685259223839991
calendar,N,3,6.345872513894058e-05
call,N,132,0.0003120607248608158
campaign,N,125,0.0003195399861357105
capable,A,30,0.00013144233656669577
capacity,N,16,9.1227564976085e-05
car,N,92,0.0003651848551013391
certain,A,14,8.403665896532045e-05
chair,N,28,0.00012425914154191498
charge,N,21,0.00010962274858837984
choose,V,47,0.0001823333707803946
civilization,N,134,0.0003623674526139897
colleague,N,67,0.00023873368963227108
collectively,R,83,0.00024220132269281135
commend,V,28,0.00012425914154191498
commit,V,70,0.00021867181906848565
common,N,116,0.0002987846248706691
concern,N,257,0.0006260702978572139
condition,N,36,0.00017137381506106313
consider,V,9,0.00010039587385680929
consultation,N,34,0.00013124744387752786
council,N,66,0.0002811518204493723
couple,N,20,0.00011058674165771708
courage,N,25,0.0001236359009071456
course,N,144,0.00040012326782432896
crazy,A,19,0.00011351309728859153
critic,N,18,0.00010208342084220751
criticize,V,28,0.00011360888183175536
current,A,151,0.00039508651593268016
currently,R,124,0.0003917182111686079
dark,A,43,0.0001527526852182971
daughter,N,77,0.00021527563643857783
dead,A,30,0.00014078936743644495
debate,N,261,0.0006357979018585951
decade,N,142,0.00036757822525207017
decision,N,139,0.0003902341842529058
deck,N,23,0.00013234328371164087
deeply,R,119,0.00032716805011380153
defence,N,17,9.876790262375757e-05
delighted,A,57,0.0001603625549484953
deliver,V,102,0.0002811168569035457
demand,N,184,0.0004881506354840609
demonstration,N,120,0.000297558772686897
describe,V,37,0.00015118984016135778
deserve,V,173,0.0004571442378440659
desperately,R,17,0.00010167725091157885
destroyed,A,11,9.82643637839944e-05
dire,A,16,9.558917352914298e-05
direct,A,125,0.00032965180910515725
disruptive,A,36,0.00014188564887953047
dont,V,28,0.00011899586244913627
double,V,12,0.0001006957720647716
dozen,N,39,0.00014581051587857474
draw,V,54,0.00017629771588737755
early,A,67,0.00022435247856824174
earth,N,69,0.0002769151340897046
educate,V,30,0.00011309910046977556
elder,N,60,0.00019541496292886518
elephant,N,73,0.0002396753847971908
eloquently,R,51,0.00016053535107552277
emission,N,513,0.0013122891874227972
emphatically,R,85,0.0002290960524132278
endangered,A,34,0.00013124744387752786
engage,V,13,8.937519551576715e-05
entirely,R,18,9.448159577249589e-05
episode,N,20,0.00010136406391237724
equipment,N,34,0.00012986219569395267
event,N,338,0.0008568461317649128
everyday,N,59,0.00017709709020957042
eviction,N,9,0.00010039587385680929
explain,V,64,0.0002205147023103973
extreme,N,9,0.00010039587385680929
family,N,103,0.0002984708394807334
far,R,96,0.00028961671630431613
fascinating,A,13,9.507780141114719e-05
fast,A,45,0.0001641893283302085
fate,N,13,8.025342331060789e-05
fence,N,7,7.063030801917738e-05
field,N,11,9.82643637839944e-05
fighter,N,26,0.0001059428744711032
fill,V,35,0.00021397468564009206
film,N,157,0.00036604300721584655
first,A,230,0.0005825058193380064
fix,V,86,0.0002599029501742607
folk,N,111,0.00033473789189590375
foot,N,45,0.00019650064352513358
football,N,114,0.000285105554988439
forceful,A,68,0.00019382131522064627
full-scale,A,19,9.461507196644448e-05
funding,N,48,0.00017526769981147567
galvanized,A,20,9.94650425112091e-05
gas,N,163,0.0005330714719586088
general,A,12,8.417117473465344e-05
genuinely,R,22,9.956477749223282e-05
glass,N,32,0.00016569502115159186
globe,N,191,0.00042282894847621097
glue,N,19,0.0001135130972885915
glue,V,25,0.00015060396859911858
goat,N,8,8.786156249166772e-05
grateful,A,17,0.00010167725091157885
green,N,26,0.0001103155356391835
grownup,N,16,8.721305126441412e-05
guardian,N,20,9.94650425112091e-05
happy,A,56,0.00018955890480241479
heavy,A,34,0.00012986219569395264
high,A,68,0.00026010863376375735
hit,V,62,0.0001783533983604185
hold,V,191,0.0006174879391005182
host,V,35,0.00013863154952707113
human,N,48,0.00017602107165527202
hypocrisy,N,19,9.7496407905553e-05
idea,N,72,0.0002656261441208531
ignore,V,55,0.0001891919348456672
immediate,A,182,0.0004015821813682052
impact,V,46,0.0001568157802616759
impossible,A,38,0.00014891745295981862
impress,V,18,0.00010208342084220751
inconvenience,N,79,0.00023892063163013632
increase,V,41,0.0001462611676312119
incredible,A,111,0.0003121821138223952
indefinite,A,12,0.0001006957720647716
indigenous,A,10,8.053032927846662e-05
indisputable,A,9,0.00010039587385680929
individual,A,43,0.00017615842967891695
individually,R,9,7.375054302824637e-05
industry,N,119,0.00045185370963616976
info,N,72,0.0002075934547607131
inform,V,35,0.000139580167563448
initiate,V,43,0.00014129358284287804
initiative,N,76,0.00027017884978616585
inspiring,A,139,0.00036620909492864675
institute,N,12,0.0001006957720647716
involve,V,150,0.00040841058628128166
irreversible,A,134,0.0003092657339047429
job,N,266,0.0006881803832581464
kingdom,N,15,8.822944034703208e-05
large,A,471,0.0009345531088607456
least,A,33,0.00014266856845232578
less,A,187,0.000482215510059614
level,N,170,0.0004973191654343976
life-denying,N,349,0.0006624675254273932
life-support,N,17,9.876790262375757e-05
like,V,104,0.0002911227741982903
list,N,175,0.00044388053355419406
little,A,237,0.0006213730903280821
local,A,235,0.0005923075190815536
love,V,84,0.00025993167690915945
marker,N,13,9.507780141114719e-05
matter,N,55,0.00017044751865433547
meaningful,A,70,0.00018893793652554247
member,N,136,0.0003800529985072448
merely,R,18,9.448159577249589e-05
million,N,164,0.0004995660306387707
misguided,A,28,0.00011360888183175536
mobilisation,N,68,0.00019382131522064627
momentum,N,50,0.00018050476080541834
moral,N,19,9.792962533543153e-05
mother,N,61,0.0002185417631287014
mountain,N,10,8.053032927846662e-05
move,V,237,0.000569305972905372
music,N,95,0.0003025449619886734
naked,A,18,0.00010732079548685076
name,N,54,0.00017150664581961454
nation,N,66,0.00020689250861822108
negotiable,A,8,7.222916678714643e-05
next,A,142,0.0004067258742196271
non-violent,A,53,0.0001802249854788161
nonviolent,A,17,9.876790262375757e-05
nudge,N,13,9.507780141114719e-05
number,N,1312,0.0022817339209590566
offer,V,42,0.00015170166583342438
often,R,76,0.00021994735387154913
optimistic,A,100,0.00023572844875599408
organise,V,129,0.0003559391012491266
organize,V,221,0.0004994981222420746
ourselves,O,74,0.0002478023108445764
overthrow,V,349,0.0006624675254273932
paralysis,N,17,0.00010167725091157885
passionate,A,9,7.401736062971555e-05
passive,A,22,0.0001204249572597638
person,N,83,0.00025949865984306917
personal,A,45,0.00020083949543573076
pint,N,16,9.821566126616666e-05
play,V,141,0.0004026057310872126
police,N,236,0.0005941627130662114
politically,R,34,0.00012401906183675328
pollution,N,1787,0.002385661659908674
prepare,V,144,0.0003470508808318563
presentation,N,9,7.262715929509569e-05
president,N,49,0.00015282503170225233
prevent,V,45,0.00016300126764595132
problem,N,122,0.00035963116972815656
profoundly,R,15,8.540807869583727e-05
promise,V,12,0.0001006957720647716
prove,V,243,0.0005263610133831476
public,A,32,0.0001610273901108871
publish,V,547,0.0010049869935314156
pull,V,118,0.00029264519280673186
pupil,N,48,0.00014909209291526563
push,V,69,0.00021126807611492805
queue,V,12,8.370078671968717e-05
quick,A,26,0.0001059428744711032
rapid,A,68,0.00019382131522064627
rather,R,304,0.0007482185525230732
reach,V,110,0.0003142118833028948
reassure,V,16,8.676895161608605e-05
record,V,316,0.0006099932076721788
recruit,V,8,8.786156249166772e-05
recycling,N,40,0.00014908507904467334
refer,V,20,9.455572218366326e-05
register,V,373,0.0007156944804467161
reinvigorate,V,17,8.95130760348202e-05
remind,V,253,0.0005834095215036046
reply,V,12,8.417117473465344e-05
representative,N,26,0.00012137774173925789
resource,N,66,0.00020035853144674732
respond,V,128,0.00032615721556675107
review,N,36,0.00013505988416826642
root,N,13,9.507780141114719e-05
rt,V,194,0.00045722057055400204
safe,A,112,0.00027925927976683846
salute,V,17,0.00010167725091157885
sea,N,224,0.0005483607957800258
severity,N,24,0.00010589460199228325
share,V,189,0.000511258913173417
short,A,126,0.00029328182815679824
sign,V,250,0.0006436411863631944
sit-in,N,24,0.0001327390104459599
situation,N,110,0.00028043986216969957
skip,V,231,0.0004985931462240176
socialist,A,18,0.00010208342084220751
solution,N,1039,0.0018814315692022936
son,N,57,0.00017975495150341378
spark,V,41,0.00019900821647577966
speach,N,28,0.00011207850560210076
speak,V,265,0.0006378832606531696
specifically,R,18,0.00010208342084220751
staff,N,40,0.00014049226810816147
state-level,A,15,9.299777654509112e-05
statement,N,134,0.00039275688643053273
stay,V,104,0.0003200518529322272
steer,V,19,9.498505762511281e-05
step,N,203,0.0005358118083293006
sticker,N,40,0.0001617168498200299
stop,V,977,0.00217702504575206
story,N,244,0.0006360727831886412
strength,N,50,0.00017533852745878526
stress,V,24,0.00011296389416895943
struggle,N,359,0.0006899906254616173
stunning,A,33,0.00013198770859104545
summit,N,25,0.00014758415222360173
support,N,282,0.000699089696564074
surround,V,34,0.00012986219569395264
swarm,V,26,0.0001525163366784893
sweep,V,15,9.299777654509112e-05
table,V,26,0.00011213108355144833
talk,N,11,9.82643637839944e-05
tank,N,19,0.0001135130972885915
target,N,106,0.0003110919123491326
team,N,59,0.000197017218238976
tear,N,60,0.0001983975296830686
teenager,N,32,0.0001182263740224342
timelapse,N,5,6.636693508451382e-05
tiny,A,78,0.0002354348319779544
tire,N,19,0.0001135130972885915
traffic,N,117,0.0004299504009688617
treasure,N,12,7.990942725304979e-05
tremble,V,18,0.00010208342084220751
true,A,123,0.0003780743877855886
try,V,242,0.0006005297961462403
un-fuck,V,6,6.801664740590435e-05
undeniable,A,14,8.58682963259427e-05
understand,V,256,0.0006233078577715379
upcoming,A,11,9.549338839583496e-05
urge,V,79,0.000247144341668268
valuable,A,98,0.0002406925066296576
value,N,64,0.0002057121180139977
vehicle,N,75,0.00024462983611935643
venue,N,24,0.00011967829699608773
violent,A,6,7.23526525666117e-05
voter,N,49,0.00016310478765851606
wait,V,104,0.000279461531401162
war,N,52,0.00021052758324269715
windshield,N,19,0.0001135130972885915
work,N,334,0.0008265878179761186
worldwide,A,80,0.00028832545986619653
yell,V,18,9.448159577249589e-05
yourself,O,53,0.00019982772544002096
bail,V,12,9.475645930026713e-05
beleaguered,A,12,9.475645930026713e-05
create,V,144,0.00041256408776348087
mood,N,21,0.00012029054406661831
public,N,12,9.475645930026713e-05
worsen,V,24,0.00013461478586874247
activism,N,104,0.000323835054602362
buddy,N,3,8.663509293995459e-05
bulb,N,3,8.663509293995459e-05
busy,A,34,0.00013906460233670164
closely,R,20,0.00012579220907549626
context,N,37,0.00015049616794453682
exist,V,48,0.0001562263532633526
fantastic,A,69,0.0002503037913001046
imagine,V,103,0.0003088939654893329
oil,N,271,0.0008624288444449055
progress,N,48,0.00014364881741080654
question,N,71,0.0002388838502344313
secure,A,10,7.81707275746449e-05
skin,N,7,7.638428175451935e-05
visitor,N,19,9.43104218956565e-05
arrest,N,30,0.0001438548498249465
award,N,37,0.00014809404315953363
awesome,A,218,0.0004462418238993757
barricade,N,5,7.833361956043584e-05
become,V,466,0.0009938856427502147
bike,N,65,0.0002348953336502352
blockade,V,11,8.149267078815015e-05
blood,N,21,0.00011858763884142106
bussy,A,5,7.833361956043584e-05
camera,N,50,0.0001715896306966931
candidate,N,40,0.00014799132208692613
chorus,N,11,9.917703474294335e-05
climate-change,N,5,7.784171186704241e-05
comment,N,30,0.0001371575811188194
conference,N,39,0.00016384292761252136
crack,V,13,8.888074919606803e-05
culture,N,37,0.00014664081877504914
cut,N,19,0.00010103545409063063
deal,V,31,0.00011861682588828573
dedicate,V,27,0.0001170985149985705
demo,N,124,0.0003624013171683307
demonstrate,V,164,0.000382954469963985
dinner,N,30,0.0001295601890579871
dirty,A,27,0.00014015496182712614
discovery,N,23,0.00011841705656194309
dress,N,4,6.699584955077861e-05
drop,V,60,0.0002183410708928815
earlier,R,14,8.862217155352961e-05
educator,N,10,8.60661673693352e-05
fake,A,13,0.00013725403557067185
finance,N,7,8.827975346278579e-05
forst,A,6,7.128577411037246e-05
front,N,179,0.0004393468505090697
gallery,N,55,0.00017131519993999163
girl,N,392,0.0007669810067619284
greet,V,19,0.00010103545409063063
ground,N,11,9.917703474294335e-05
guy,N,74,0.00022423402952179912
harmony,N,11,9.917703474294335e-05
highlight,V,120,0.0003561084744126214
horn,N,19,0.00010103545409063063
image,N,38,0.0001673239181445097
include,V,138,0.0004634646663021999
incredibly,R,25,0.0001260591217164573
inspiration,N,97,0.0002467352839500749
kick,V,60,0.00021800725007592334
massacre,N,30,0.00011998009127615902
ministry,N,8,9.114947745519965e-05
mode,N,7,9.3483766555723e-05
movt,N,10,8.60661673693352e-05
museum,N,13,8.468081305603092e-05
office,N,129,0.00033263803088899254
perform,V,10,8.14957145925549e-05
pm,N,48,0.00019607946014285212
practice,N,49,0.00016487426344282498
preach,V,5,7.784171186704241e-05
production,N,7,8.827975346278579e-05
protester,N,171,0.0005532716668359667
red,A,28,0.00014339946853740318
reform,N,30,0.00011998009127615902
rest,N,75,0.00022997392552403747
room,N,55,0.00017131519993999163
shout,V,102,0.00029590949332560185
singer,N,11,9.917703474294335e-05
stage,N,29,0.00014191768601970852
step,V,52,0.0001882366027789018
surface,N,7,9.3483766555723e-05
survivor,N,30,0.00011998009127615902
third,A,40,0.0001778164601980617
thoughtful,A,35,0.00013314038920524154
tough,A,28,0.00012602009863111745
train,N,533,0.0009328913047376003
transport,N,72,0.00027974967945912615
understandably,R,19,0.00010103545409063063
unionist,N,10,8.60661673693352e-05
wall,N,7,9.3483766555723e-05
weep,V,4,6.494059952958366e-05
white,A,120,0.00029248827374166793
activity,N,48,0.00016351972446417603
adulthood,N,21,0.00010667615776497653
air,N,192,0.0005298190035839832
breath,N,21,0.00010667615776497653
drink,V,37,0.00015555526217398148
kind,N,87,0.00025740150114114555
noise,N,27,0.00011004636905459377
quality,N,32,0.00014143471984110845
survival,N,37,0.00016099803984858575
whole,A,1677,0.0021057600595810566
wildlife,N,124,0.00036941082246277744
actor,N,10,8.494521635585095e-05
answer,N,50,0.00018771884698728388
feminism,N,10,8.494521635585095e-05
woman,N,433,0.000930453962958846
actual,A,16,0.00010799167048283547
brake,N,16,0.00010799167048283547
hav,V,16,0.00010799167048283547
myth,N,25,0.00013818074992237
origin,N,20,0.0001188566992176792
thawing,N,16,0.00010799167048283547
unfortunately,R,27,0.00013771784987723438
banker,N,32,0.00017168755735691253
battle,N,37,0.00012962321589347
delusion,N,19,0.00010715773305146263
echo,N,19,0.00010715773305146263
inhabit,V,42,0.00015678590442589818
one,N,26,0.00011349658071427038
poor,A,35,0.0001549097375716998
professional,N,49,0.00016607305697082528
realize,V,19,0.00010715773305146263
rich,A,93,0.0003578771340772932
seriously,R,141,0.00037327534160947856
adani,N,9,8.681283358985957e-05
banana,N,9,8.681283358985957e-05
boy,N,92,0.00029217971245041203
cut,A,9,8.681283358985958e-05
adapt,V,63,0.0002150241133912899
commute,N,18,0.00011064819468098425
glad,A,21,9.472585290339801e-05
home,N,226,0.0006197562098434387
honestly,R,18,0.00011064819468098425
idle,V,18,0.00011064819468098425
jump,V,24,0.00011548341564846529
none,N,50,0.00020138705273347693
pot,N,26,0.0001424186280317689
scale,N,79,0.00025344352112650047
seem,V,247,0.0005938859738132212
taxi,N,28,0.00016255554899876829
architecture,N,30,0.0001400993308133911
performance,N,13,0.00010288970161191444
positivity,N,13,0.00010288970161191444
receive,V,13,0.00010288970161191444
regular,A,13,0.00010288970161191444
add,V,1695,0.002163496753701917
additional,A,1690,0.002136133165086333
advocate,N,17,8.89199279138076e-05
amplify,V,17,9.554294715871973e-05
arrogant,A,24,0.00013064216819203724
aspect,N,1667,0.0020843789328145886
author,N,78,0.0002531268471577905
bloke,N,11,9.146462660884278e-05
equity,N,1663,0.0020711587576989028
illustrator,N,83,0.00022772844489379383
interview,N,63,0.00023351144243511583
loop,N,1650,0.0020458180313002797
manage,V,11,9.146462660884278e-05
warming,N,1811,0.002434406155013001
writer,N,19,0.00018910368202305536
adder,N,12,0.00010603545064388452
beetle,N,12,0.00010603545064388452
branch,N,12,0.00010603545064388452
symbol,N,22,0.000136401497480002
vole,N,12,0.00010603545064388452
windfall,N,12,0.00010603545064388452
addition,N,79,0.0002658818436550008
bank,N,579,0.0010003736762248141
breakthrough,N,89,0.0002677395330610618
consult,V,77,0.0002471002234130482
documentary,N,36,0.00018393418225637776
foreign,A,11,0.0001059212697681536
intervention,N,68,0.00021181289017406052
language,N,11,0.0001059212697681536
mandate,N,68,0.00021181289017406052
reflect,V,90,0.0002741629434606595
rewrite,V,68,0.00021181289017406052
song,N,11,0.0001059212697681536
summarize,V,11,0.0001059212697681536
attached,A,18,9.076384237118946e-05
especially,R,25,0.0001137644763295524
poverty,N,11,8.077783737036775e-05
thread,N,164,0.0004078964425840503
address,N,12,7.805977881819909e-05
adoption,N,513,0.000849918320491119
agreement,N,1273,0.001986718167331305
assembly,N,80,0.00024897729264382405
end,N,133,0.0003394972496563625
extraction,N,17,9.413079103732497e-05
miss,V,737,0.0013031981602819932
provide,V,610,0.0010783709040580011
recommendation,N,821,0.0013244438309111433
renewable,A,134,0.0003828738150605254
seek,V,17,9.413079103732497e-05
attend,V,112,0.0003247298381076824
blow,N,12,8.447174274007558e-05
bravery,N,25,0.00010797949538536269
catastrophe,N,110,0.0003092007044164675
catch,V,40,0.00017590399383947563
chant,N,39,0.00013296781283351822
congratulate,V,18,9.287129573347505e-05
consciousness,N,28,0.00012408525391448963
count,N,17,9.025107420320712e-05
development,N,87,0.0002949188054474456
drive,N,25,0.00012714714259121142
emit,V,24,0.0001219808961802921
failure,N,96,0.0002470010080496356
fear,V,54,0.00015669605207928238
future,A,60,0.00017979852322672085
grown-ups,N,18,9.287129573347505e-05
guide,N,50,0.00014640227854451846
guideline,N,12,7.94758272883179e-05
honesty,N,22,9.564639063979525e-05
hubby,N,22,0.00010475691056982425
humanly,R,28,0.00011581887353305636
loud,A,69,0.00019312227341835268
maker,N,13,8.398116604298194e-05
monied,A,12,8.927813478947397e-05
owe,V,60,0.0001673186018372318
pave,V,44,0.0001422319027772069
plant,N,144,0.00038926410204136766
represent,V,125,0.00031792336669790925
risk,V,52,0.00016170153126685865
role,N,96,0.0003179681604716226
roll,V,76,0.0002303112027144249
selfishness,N,13,8.787436527390308e-05
shared,A,28,0.0001228781995250018
stupidity,N,12,8.447174274007556e-05
text,N,34,0.00014197754989869136
thought,N,55,0.00018003406921938004
undermine,V,22,0.00010475691056982425
visibility,N,22,0.00010475691056982425
willfully,R,12,8.927813478947397e-05
wrong,A,60,0.00017389128126426686
advise,V,24,0.00010244619609657194
adviser,N,10,7.612349877041447e-05
advisor,N,14,0.0001019025571748488
book,N,75,0.00023214964909613466
cop,N,14,0.0001019025571748488
headquarters,N,14,0.0001019025571748488
lawyer,N,42,0.00016213663521972476
advisory,N,13,0.00012246494865227818
board,N,13,0.00012246494865227818
fund,N,13,0.00012246494865227818
genie,N,13,0.00012246494865227818
invest,V,41,0.000203838768336656
investment,N,21,0.000145492303951684
occupied,A,13,0.00012246494865227818
territory,N,13,0.00012246494865227818
aerial,A,15,9.621873023789895e-05
boat,N,26,0.0001269526030100265
chaos,N,41,0.00016561137028310366
pink,A,15,9.621873023789895e-05
view,N,341,0.0006785889240272455
affect,V,15,0.00012108944923062956
dairy,N,6,8.899325715236777e-05
ice,N,236,0.0005239541970030428
previously,R,9,7.654781145346358e-05
afford,V,6,7.810621987394984e-05
con,N,6,7.810621987394984e-05
alarmist,A,13,8.566473143463584e-05
enough,A,13,8.566473143463584e-05
panel,N,713,0.0013049428721598868
afternoon,N,8,8.702459510389593e-05
atmosphere,N,34,0.0001531702657516268
log,V,4,7.199486054508073e-05
bloody,A,24,0.00012085246423345635
bunch,N,54,0.00019854784512863662
damned,A,24,0.00012085246423345635
drama,N,24,0.00012085246423345635
hysteria,N,24,0.00012085246423345635
mate,N,264,0.0005103519353422273
nobody,N,24,0.00012085246423345635
ought,V,24,0.00012085246423345635
press,V,37,0.00014200932031190877
space,N,28,0.00014469078494874053
waste,N,72,0.000258306173108009
agency,N,18,0.00011283232123616028
interesting,A,48,0.0001954877557269251
tidings,N,10,8.134930439006647e-05
tonne,N,8,8.132709560447758e-05
blow,V,50,0.00018355383586721882
everything,N,376,0.0008865368495378124
foot-dragging,N,8,7.591377758979762e-05
ours,O,34,0.00013237884192401938
several,A,15,8.684578308596436e-05
tackle,V,93,0.0003077797947233034
rule,N,820,0.001314918621020948
tool,N,777,0.0012309663773359305
vague,A,777,0.0012309663773359305
agriculture,N,57,0.00021702333845553676
comfortable,A,21,0.00010563192795609602
completely,R,34,0.0001524870721887634
destruction,N,431,0.0008309280408645828
expect,V,42,0.0001815371588966051
flawed,A,11,8.874159941003658e-05
land,N,128,0.000338776015422937
meat,N,21,0.00013244938782873398
ridiculous,A,17,0.00010477234898713882
satisfy,V,12,9.181182594807436e-05
slightly,R,21,0.00010563192795609602
vast,A,12,9.181182594807436e-05
willing,A,21,0.00010563192795609602
airline,N,80,0.00022471098765769934
alive,A,53,0.00017413859638971624
basic,N,5,6.927117630268782e-05
breathe,V,32,0.0001443389636472556
clean,A,78,0.0002657917754622727
coverage,N,68,0.0002316742122533306
driver,N,26,0.0001472248895424893
environmental,A,31,0.00013711253982348992
equivalent,N,6,6.749749201114987e-05
expectancy,N,32,0.0001221837777890129
hundred,N,110,0.0003591773229906071
mention,V,113,0.0003179379688499106
pay,V,136,0.0003493274293366009
petition,N,80,0.0002247109876576993
polluted,A,32,0.0001221837777890129
rein,V,80,0.0002247109876576993
road-blocks,N,12,9.066706717501236e-05
sheaf,N,12,9.066706717501236e-05
soil,N,71,0.00021098825216603643
sustain,V,16,9.523917025260257e-05
tail-backs,N,12,9.066706717501236e-05
tax,N,112,0.00032029659090724216
tech,N,2,6.055345548002127e-05
top-10,A,80,0.0002247109876576993
vat,N,80,0.0002247109876576993
airplane,N,12,8.77329093292699e-05
crash,V,415,0.0007551295824440425
decide,V,37,0.00015395141245740999
fantasy,N,12,8.77329093292699e-05
fly,V,80,0.00027862654640904065
forget,V,26,0.00012683081185538026
airport,N,10,0.0001005182816814272
flight,N,39,0.00021276855562661447
plot,V,10,0.0001005182816814272
shutdown,N,10,0.0001005182816814272
sob,V,10,0.0001005182816814272
alarm,N,10,9.347492251702389e-05
archaeological,A,10,9.347492251702389e-05
impact,N,105,0.00032127532201589517
may,V,126,0.00038242879797285026
shin,V,10,9.347492251702389e-05
site,N,101,0.0003276545137588018
sound,V,32,0.0001574269434381065
alarmist,N,12,0.0001375106282712357
bear,N,34,0.00022595073201696846
marginalized,A,12,0.0001375106282712357
over-population,N,12,0.0001375106282712357
bit,N,133,0.00034213444032120925
burn,V,21,0.00010588396816896641
influencers,N,21,0.00010588396816896641
wheel,N,21,0.00010588396816896641
yourselves,O,47,0.00016693042543611372
cooling,N,20,0.00010236612038911135
low-info,A,20,0.00010236612038911135
remember,V,169,0.00044849591926140016
alliance,N,19,0.00010465265154441777
mostly,R,25,0.0001283785626494518
online,A,30,0.00014525295446884642
program,N,19,0.00010465265154441778
pt,N,19,0.00010465265154441778
teaching-in,V,19,0.00010465265154441778
appeal,N,23,0.00012157808474820873
case,N,104,0.00035582959790831183
democracy,N,72,0.00021553188698773565
gain,V,25,0.00013373129465842624
legal,A,39,0.00016937408543906473
long-delayed,A,18,0.00011075910892732842
myself,O,39,0.00014687510158361403
post,N,54,0.0001772811172805853
resign,V,13,8.078688630499894e-05
round,N,18,0.00011075910892732842
strongly,R,39,0.00014065090550274923
sue,V,20,0.00011580026640266503
thanks,N,56,0.00019160718299615677
trial,N,18,0.00011075910892732842
ally,N,5,6.774098636239887e-05
wide,A,57,0.00022999359491039114
art,N,41,0.00015109313142883698
cap,N,16,9.145937211097107e-05
carry,V,33,0.00015392476409074282
clarity,N,14,8.609456450846182e-05
crossroad,N,24,0.0001034439791367249
disappear,V,40,0.00014483989741728717
due,A,11,8.147511170354769e-05
enter,V,43,0.000178452573430948
head,V,69,0.00022499019147436674
herself,O,26,0.00012906526052176482
hour,N,222,0.0006778089254298211
invite,V,28,0.00011809390454743028
light,V,137,0.0003309620476061637
lock,V,33,0.00014361822920204776
nature,N,108,0.00032003565359131414
nowhere,R,11,8.147511170354769e-05
port,N,14,9.981243475776625e-05
recording,N,18,9.728589453658254e-05
terminal,N,14,9.981243475776625e-05
warm,A,60,0.00022162591916827544
balance,N,22,0.00010984883071659085
celsius,N,9,8.098866095017589e-05
challenge,N,19,9.86720573578429e-05
cover,V,69,0.00019803965508143414
degree,N,43,0.0002003899512051999
difficult,A,51,0.0001850618825143049
exploit,V,15,0.00010987154859052494
follower,N,26,0.00011375120269911298
generally,R,28,0.00011884520848165462
increasingly,R,42,0.00013806304639979997
polluter,N,25,0.00012279959747454221
protestors,N,76,0.0002539108614443324
scare,V,72,0.00018129681282052438
shamelessly,R,11,8.296725522154009e-05
square,N,57,0.00019197008317385045
ted-talk,N,290,0.0005569727819164417
tedx-talk,N,290,0.0005569727819164417
toll,N,9,8.098866095017589e-05
unwelcome,A,19,9.86720573578429e-05
warm,V,81,0.00022456445325693783
wild,A,40,0.00013429562927782845
anniversary,N,18,0.00013784633072848088
app,N,32,0.0001847507465829505
artificial,A,11,9.744076075403942e-05
censor,V,10,7.518645013416683e-05
circle,N,17,0.00010028693425406695
curve,N,16,0.00012044941473474626
denier,N,130,0.0003567361826298491
eliminate,V,16,9.093566441018333e-05
famous,A,14,0.0001163934383428818
habitable,A,19,9.480678571414664e-05
hockey,N,14,0.0001163934383428818
inequality,N,52,0.00019782713711964103
intelligence,N,24,0.00014259443648243056
lake,N,13,8.970393650998614e-05
long,A,78,0.00028517230170539405
mobile,A,11,9.744076075403942e-05
paleo,N,14,0.0001163934383428818
past,A,61,0.0002604157922000583
phenomenon,N,13,8.970393650998616e-05
project,N,50,0.00022001331634072537
reconstruction,N,14,0.0001163934383428818
reduce,V,210,0.0005033671504539455
society,N,28,0.00011665286686224836
temperature,N,39,0.0002049815055859389
tent,N,4,6.982733065384382e-05
work,V,60,0.00022194869030456177
alter,V,11,8.43049962152974e-05
fascist,A,23,0.00012431262795420397
fine,A,137,0.00031440127676638673
hang,V,200,0.00045143739638345704
regime,N,26,0.00014601859477200659
alternative,N,1,5.859602591656153e-05
behaviour,N,11,9.550589897587332e-05
espouse,V,11,9.550589897587332e-05
minute,N,70,0.00022182305941074418
nevertheless,R,56,0.00019621707005676374
perfectly,R,11,9.550589897587332e-05
clearly,R,73,0.00020916051755175526
conservative,N,39,0.00014670782448592272
count,V,426,0.000806100690188915
gear,V,46,0.00014209290839845937
special,A,33,0.0001462114550490583
thx,N,11,8.117219194321297e-05
truly,R,86,0.00021236650143019128
ambassador,N,11,7.601432405394379e-05
ban,V,46,0.0001694595981871989
bloom,N,108,0.0002276236179824518
forfeit,V,8,7.377208923380376e-05
implement,V,893,0.0015230177014783435
phase,V,32,0.00011828136146281546
solar,A,50,0.0001976348802139439
thick,A,39,0.00012955582778144634
usually,R,67,0.00020883391414945588
worth,V,19,0.00010190563983775294
ambush,V,23,0.00010745570115791577
medium,N,279,0.0006424302724793088
slay,V,23,0.00010745570115791577
ammo,N,2,6.264737268314338e-05
dig,V,17,0.00010180546983753812
landfill,N,12,9.13716883254865e-05
lithium,N,17,0.00010180546983753812
scar,N,17,0.00010180546983753812
spot,N,12,9.13716883254865e-05
trash,N,20,0.000147148671425174
analysis,N,19,9.71253102883577e-05
cut,V,74,0.00028748158339214115
data,N,35,0.00014826747750628776
anymore,R,35,0.00016983459818396853
black,A,17,9.659871791729014e-05
dad,N,39,0.00014007919104982365
eat,V,51,0.0002090948253356869
panther,N,17,9.659871791729014e-05
precious,A,16,8.97461954343503e-05
animation,N,18,9.850020148420052e-05
excellent,A,52,0.00016791796423817968
glacier,N,38,0.00014459768420029356
essay,N,4,6.906143093765989e-05
competitor,N,13,0.00010180062666740217
diesel,N,27,0.00015310440971367365
exclude,V,13,0.00010180062666740217
favour,N,13,0.00010180062666740217
liar,N,18,0.00010606281757117802
nice,A,96,0.00040196723716240135
regulator,N,13,0.00010180062666740217
surety,N,18,0.00010606281757117802
annoying,A,24,0.00010922073482139307
doubt,V,35,0.00013474002579276555
complexity,N,19,0.00010300326527935735
environmentalist,N,61,0.0001933478888570545
pragmatic,A,19,0.00010300326527935735
simple,A,41,0.00015963207793145338
faq,N,13,8.322253716810493e-05
website,N,69,0.0001964074964985237
anybody,N,12,8.214148654048235e-05
hall,N,65,0.00022023356142739962
bankrupt,A,15,0.00013186317258130086
creepy,A,15,0.00013186317258130086
dangerous,A,36,0.00018507264511225687
evangelist,N,15,0.0001318631725813009
leverage,N,15,0.0001318631725813009
manipulation,N,20,0.00016858932581045687
morally,R,30,0.00017520978344759207
overt,A,15,0.0001318631725813009
subtle,A,15,0.0001318631725813009
weaponisation,N,15,0.0001318631725813009
spot,V,26,0.00012302004217122975
disruption,N,22,0.00011547492843639023
impale,V,17,9.378207751623588e-05
maybe,R,108,0.0002962595496806066
order,N,421,0.0007895042852062211
publicly,R,37,0.00014922235921228927
scope,N,12,7.940773671074108e-05
twit,N,17,9.378207751623588e-05
uprising,N,36,0.00012446170480439142
anyway,R,17,8.753929549833299e-05
holiday,N,1127,0.0017875724728410572
ape,N,16,9.888356273428283e-05
compare,V,16,9.888356273428283e-05
reckless,A,33,0.00015247590525169466
apocalypse,N,6,0.0001324885007135041
cartoon,N,3,0.00017590546488372653
mission,N,12,0.00010480449577863154
revolution,N,18,0.0001955459015295607
download,V,11,8.751882095084243e-05
dupe,V,15,0.0001142744467084462
enjoy,V,31,0.00018318730858235522
ride,N,10,0.00010403253380114352
service,N,10,0.00010403253380114352
store,N,10,0.00010403253380114352
appalling,A,60,0.00017182347082492314
base,V,64,0.00017919771520967726
disregard,N,60,0.00017182347082492314
long-term,A,60,0.00017182347082492314
apparently,R,14,9.75802035905109e-05
army,N,34,0.00019034972480561015
facilitate,V,27,0.0001225327212167932
respect,V,14,9.75802035905109e-05
appeal,V,18,9.596197503560565e-05
national,N,18,9.596197503560565e-05
vid,N,18,9.596197503560565e-05
wave,N,66,0.0002019465490279648
appear,V,89,0.00024609179499041013
care,N,70,0.00019835712993748614
economic,A,89,0.0003035174425004644
protection,N,23,0.00011762965341997238
subsidize,V,19,0.00010157673704920168
subsidy,N,19,0.00010157673704920168
appearance,N,13,8.407602729930285e-05
brave,A,109,0.0002814495460183153
court,N,24,0.00012516194395490512
appliance,N,21,0.00010218938327996371
impending,A,21,0.00010218938327996371
primary,A,67,0.000196106420326495
stick,V,21,0.00010218938327996371
approval,N,12,8.824040941439256e-05
ludicrous,A,12,8.824040941439256e-05
mining,N,19,0.00011550825360890339
arbitrarily,R,17,9.658981825424678e-05
crucial,A,52,0.0001973979852676601
arch,N,45,0.00018916787206080138
canvas,N,4,6.885081476781282e-05
desperate,A,46,0.0001547330675193205
lovely,A,38,0.00017170916121115047
luck,N,73,0.0002158973462484952
measure,N,67,0.0001983325720934072
night,N,486,0.0009020648621661077
respect,N,22,0.00010448259295892367
station,N,36,0.0001584853055100928
trip,N,29,0.0001332251902719115
wander,V,19,0.00010478980954106666
rethink,V,17,9.023567910827168e-05
shake,V,35,0.00012808560442485213
assemble,V,19,0.00010726316613357973
garden,N,61,0.0002181003457559185
marcher,N,55,0.0002214351773363454
nearby,A,28,0.0001312423724069568
northern,A,25,0.0001283848015613129
nun,N,19,0.00010726316613357973
uniform,N,19,0.00010726316613357973
wish,V,19,0.00010726316613357973
riot,N,71,0.00021545143917663356
communist,N,13,9.551258082887946e-05
recent,A,40,0.00017826558620014177
socialism,N,13,9.551258082887946e-05
task,N,13,9.551258082887946e-05
benefit,N,14,0.00011499989085917797
capitalism,N,29,0.00020623536675803907
hatred,N,14,0.00011499989085917797
heady,A,6,8.040552176216494e-05
however,R,29,0.00016502161376529632
parasite,N,14,0.00011499989085917797
quasi-religious,A,14,0.00011499989085917797
ruefully,R,6,8.040552176216494e-05
arrange,V,18,0.00011248888681959553
childhood,N,18,0.00011248888681959553
habit,N,18,0.00011248888681959553
lunch,N,40,0.00015750974375335414
mindset,N,18,0.00011248888681959553
session,N,59,0.00021971142773440105
shape,V,27,0.0001386914110122572
trash-free,N,18,0.00011248888681959553
article,N,58,0.0001967713891179105
circus,N,36,0.00017308602325018447
convo,N,40,0.00013563346270281765
beverage,N,17,9.48088613750635e-05
climber,N,33,0.00013297146024624507
compassionate,A,7,7.121064402176648e-05
demonstrator,N,33,0.00014003089245077135
descent,N,33,0.00013297146024624507
divestment,N,18,9.677989369707911e-05
fairly,R,17,9.48088613750635e-05
force,N,65,0.0001950212765457296
head,N,41,0.00013932819268482115
hot,A,69,0.00024103816469386814
officer,N,98,0.00027124025779255435
remove,V,67,0.00021248943987019938
return,V,52,0.00016725026145901378
sleep,V,40,0.0001371225048249539
strip,V,7,7.193869628815473e-05
arrive,V,8,8.286868113049819e-05
everybody,N,17,9.86681834180138e-05
hubris,N,14,8.577909373462799e-05
humor,N,17,9.86681834180138e-05
land,V,17,9.86681834180138e-05
meme,N,33,0.00014279803818290226
ensue,V,5,6.802052456104127e-05
look,N,25,0.00012198589172960858
preparation,N,41,0.00017829770686193637
regulation,N,68,0.00025600812218838295
response,N,543,0.0010584329215216671
artist,N,8,7.792641942269614e-05
feature,V,11,9.674047365452688e-05
vibe,N,54,0.0002161612546640697
ashamed,A,42,0.000144594082742092
burden,N,42,0.000144594082742092
enable,V,50,0.00017053186179678384
realise,V,42,0.000144594082742092
publically,R,14,8.630475199744643e-05
recognise,V,30,0.00012631053417158598
cost,V,17,9.201351543112061e-05
ignorance,N,59,0.0002065951086645763
willful,A,17,9.201351543112061e-05
aspire,V,9,7.853337744178315e-05
position,N,22,0.0001254954905151041
journalist,N,16,9.803257048626654e-05
oversee,V,16,9.803257048626654e-05
puzzling,A,11,8.346050573659798e-05
transition,N,16,9.803257048626654e-05
assignment,N,15,0.00011063174572763237
complex,A,15,0.00011063174572763237
design,N,15,0.00011063174572763237
nitrogen,N,15,0.00011063174572763237
oxygen,N,15,0.00011063174572763237
sugar,N,15,0.00011063174572763237
friendly,A,66,0.00023900785087541126
hyperbole,N,13,9.046197638553774e-05
literally,R,49,0.0001668899715597978
normal,A,37,0.0001760833749385212
classroom,N,24,0.0001115334146450352
guess,V,11,8.431321136607731e-05
note,N,20,0.00010461168730743403
punish,V,30,0.00011884070964643717
sick,A,450,0.0008218561906352692
supremacy,N,11,8.431321136607731e-05
trailblazer,N,6,6.805587692772588e-05
fully,R,12,8.295539387795108e-05
gala,N,98,0.00024041002777148125
game,N,121,0.0003026656000472799
policy,N,205,0.0006250885381789557
racism,N,18,0.00010001585812474277
sand,N,26,0.0001234719944231024
single-greatest,A,43,0.00013390989428741765
strange,A,224,0.0004890650298548003
attract,V,7,9.973646046852107e-05
foul,A,7,9.973646046852107e-05
marketable,A,7,9.973646046852107e-05
moniker,N,7,9.973646046852107e-05
attraction,N,14,9.745385349195032e-05
blueprint,N,16,0.00012726836655395515
corporation,N,25,0.00013402518187625813
intersection,N,14,9.745385349195032e-05
austerity,N,72,0.00019519096663567011
hospital,N,72,0.00019519096663567011
stab,V,72,0.00019519096663567011
underfunded,A,72,0.00019519096663567011
worry,V,84,0.00023418908087387679
disease,N,21,0.00015600865273328492
map,V,11,0.0001105003996085927
mosquito,N,21,0.00015600865273328492
neglect,V,11,0.0001105003996085927
study,N,98,0.00031588696878544057
transmit,V,11,0.00011050039960859272
travel,V,23,0.00013994540990782005
unchecked,A,11,0.00011050039960859272
autocrat,N,15,0.00010319260032311173
headline,N,15,0.00010319260032311173
rail,N,15,0.00010319260032311173
spout,V,15,0.00010319260032311173
visible,A,226,0.00044201051761161124
available,A,84,0.000229072290471709
inadequate,A,45,0.00014782828746968146
avalanche,N,3,6.247836793796855e-05
edge,N,11,8.597991247217937e-05
fundamental,A,11,8.597991247217937e-05
heed,V,27,0.00010756249033607967
likely,A,123,0.00028889388307996465
tinker,V,11,8.597991247217937e-05
awake,A,9,8.058935418881352e-05
jealous,A,9,8.058935418881352e-05
poster,N,75,0.00021388573175455103
winner,N,10,7.972281432900612e-05
false,A,14,8.761131602623872e-05
help,N,70,0.00020553316930844821
indoctrination,N,14,8.761131602623872e-05
net,V,36,0.00012882509352743607
taxpayer,N,46,0.00014717783741938976
brilliant,A,101,0.0002669877897021239
cafe,N,42,0.00013647870950159836
chain,N,98,0.00023684394444137974
control,N,98,0.00023684394444137974
generate,V,429,0.0007704360171751838
in-house,A,7,7.415927757711574e-05
pathway,N,21,0.00010661650295733737
reaction,N,104,0.00026187669872185134
mall,N,13,8.366625064993978e-05
prepping,V,19,9.21230917557494e-05
secure,V,123,0.00027869450538703253
barrier,N,14,0.00010843901630260791
contaminated,A,16,0.00010258579958157476
floodwaters,N,16,0.00010258579958157476
greatly,R,19,9.795228417724928e-05
hearten,V,19,9.795228417724928e-05
millennials,N,19,9.795228417724928e-05
reef,N,27,0.00013633224278476126
settlement,N,5,7.659177812310642e-05
swim,V,16,0.00010258579958157476
back,V,22,0.00011268792815053409
principal,N,7,7.135741474064488e-05
stake,N,17,9.821299363650499e-05
unite,V,32,0.000130897704649284
utterly,R,30,0.00013254103626353394
backer,N,13,0.00010057698147445971
dot,N,13,0.00010057698147445971
link,V,28,0.00015943105695898007
lobby,N,27,0.0001431654358790983
backlash,N,17,0.00010716328403774132
defeat,V,17,0.00010716328403774132
middle,A,17,0.00010716328403774132
naive,A,30,0.00013979034766157687
pointless,A,17,0.00010716328403774132
well,R,29,0.0001434866496474406
backpack,N,8,7.29238223393281e-05
backyard,N,10,8.898203623071675e-05
neighborhood,N,10,8.898203623071675e-05
wad,V,10,8.898203623071675e-05
caput,N,11,7.67974480156344e-05
introvert,N,4,6.359038930966393e-05
occur,V,42,0.0001923073212287054
bag,N,11,9.026190223537602e-05
grade,N,22,0.00011999635199330644
reusable,A,10,8.415316755853033e-05
hide,V,14,0.00010428344193791873
lie,N,14,0.00010428344193791873
privately,R,14,0.00010428344193791873
coconut,N,13,0.00011749762046202482
depict,V,13,0.00011749762046202482
knock,V,13,0.00011749762046202482
sponge,N,13,0.00011749762046202482
tin,N,13,0.00011749762046202482
wet,A,13,0.00011749762046202482
donate,V,29,0.00011884157622178132
banner-making,N,3,0.0002220688273328778
mansion,N,6,0.0002570061191222694
prop,N,3,0.0002220688273328778
workshop,N,3,0.0002220688273328778
barrel,N,14,8.933507271626664e-05
billion,N,90,0.00023710472028394146
growth,N,76,0.00029832982313051715
hair,N,9,8.069861219399678e-05
international,A,133,0.0003198694285652375
base,N,60,0.0001586932543597435
bat,N,1,5.817617310302001e-05
bath,N,8,7.025003590850614e-05
uphill,A,23,0.00010166752608170815
doctor,N,23,0.00013364770717033545
elsewhere,R,13,8.870925768131253e-05
medical,A,9,9.642387754372727e-05
podcast,N,9,9.642387754372727e-05
republic,N,9,9.642387754372727e-05
summer,N,36,0.0001429195224384029
lift,V,10,7.925169918438655e-05
beast,N,17,8.960037563785235e-05
term,N,17,8.960037563785235e-05
update,V,59,0.00019178514574281932
chalk,N,11,9.249399857861096e-05
close,V,7,7.132150014556355e-05
decorate,V,5,8.244388813667415e-05
drawing,N,11,9.249399857861096e-05
flower,N,5,8.244388813667415e-05
lead,N,34,0.0001246305705156132
leg,N,27,0.00011777915217609842
materialism,N,17,0.00010579852119142717
opposition,N,17,0.00010509762227236725
renewables,N,11,9.249399857861096e-05
ruin,V,53,0.00016837928479036379
sake,N,31,0.00016454262458819412
sorry,A,69,0.00021659451373277504
tree,N,106,0.00036313093406205836
ugly,A,17,0.00010579852119142717
civil,A,17,0.00010015505107819814
collective,A,45,0.0001721647291787354
disappointing,A,15,9.338668746313196e-05
editorial,N,12,8.795668215026331e-05
ensure,V,66,0.00020834475456426555
hate,V,15,9.338668746313196e-05
obey,V,17,0.00010015505107819814
off-grid,A,5,6.677468995178976e-05
rob,V,17,0.00010015505107819814
simply,R,7,7.939379973579207e-05
superpower,N,20,0.00011894599742762874
twice,R,24,0.00012443740923968817
beef,N,5,7.068036411456307e-05
drastically,R,17,0.00013718562198271786
beg,V,64,0.00017350187674528009
cry,V,82,0.00021400748602362315
issue,V,64,0.00017350187674528009
co-founder,N,47,0.00018123839540483514
column,N,36,0.0001174716328255506
dance,V,33,0.0001392522987638875
distinct,A,17,9.240718326042211e-05
face,V,72,0.00022804385415780133
much,A,127,0.00028870748454818963
horizon,N,33,0.00011132210197230678
united,A,21,0.00011015919553158508
deadly,A,14,9.418752313456979e-05
distance,N,13,8.82905754787476e-05
flash,N,25,0.00012294766391833452
laugh,V,43,0.00015464357592012907
physically,R,19,0.00010534038021605695
ridicule,V,19,0.00010534038021605695
selfish,A,29,0.00013142734137378966
tv,N,19,0.00010534038021605695
universe,N,13,8.490991072725405e-05
ups,N,35,0.00013783284928895134
belong,V,3,6.153796232853066e-05
belt,N,5,6.516578326348608e-05
bench,N,13,0.00010213631862914603
empty,A,13,0.00010213631862914603
funky,A,13,0.00010213631862914603
movie,N,18,0.0001146370590125174
voice,V,13,0.00010213631862914603
capitol,N,59,0.00017840612732406287
copy,N,12,8.963580960980172e-05
dame,N,6,7.991975102913365e-05
detail,N,73,0.00023553356235024578
grandchild,N,45,0.00016479040262533764
inadvertently,R,13,8.358265520127387e-05
radar,N,6,7.991975102913365e-05
bicycle,N,12,9.058691395807729e-05
end,V,12,9.058691395807729e-05
righteous,A,12,9.058691395807729e-05
century-but,N,22,0.00011653032763546209
cherry,A,20,0.00011636713101990127
cult,N,20,0.00011636713101990127
die-in,V,19,0.00011261507582884142
dominant,A,22,0.00011653032763546209
elderly,A,22,0.00011653032763546209
engineer,N,20,0.00011636713101990127
entire,A,57,0.00020702666321736833
faked,A,20,0.00011636713101990127
final,A,11,9.004169131359127e-05
fit,V,22,0.00011653032763546209
flesh,N,13,8.696463933832568e-05
fun,N,16,9.627895411717255e-05
fundamentally,R,17,0.00010672933887948585
gentle,A,22,0.00011653032763546209
guide,V,17,0.00010672933887948585
hemisphere,N,35,0.00016842715799390712
high-powered,A,17,9.582139742604807e-05
livable,A,22,0.00011673523263656888
lobbyist,N,17,9.582139742604807e-05
lover,N,11,8.666160907923331e-05
matter,V,11,7.851962766073382e-05
men,N,22,0.00011653032763546209
narrative,N,22,0.00011653032763546209
nomination,N,9,7.206655108669956e-05
pedal,N,9,8.623234109508964e-05
photographer,N,3,6.735170050304374e-05
pick,V,26,0.00013068257583161386
prehistoric,A,5,6.568941867277921e-05
present,V,10,8.981384518724425e-05
principle,N,17,0.00010672933887948585
range,N,9,8.623234109508964e-05
restructure,V,17,0.00010672933887948585
scam,N,34,0.00015475141904604828
series,N,11,9.004169131359127e-05
set,N,22,0.0001352793466762811
shift,N,10,8.981384518724425e-05
significant,A,64,0.00025262230140313935
slowly,R,11,8.666160907923331e-05
snow,N,35,0.00016556574356450628
stand,N,35,0.0001514765083887844
stuff,N,73,0.00022932926875588296
surpass,V,5,7.000265269261694e-05
throne,N,11,9.004169131359127e-05
tide,N,13,8.696463933832568e-05
unbelievable,A,81,0.00021374361133322047
understatement,N,75,0.00020238828662316345
cool,A,31,0.00013126349966674977
pretty,R,62,0.00021248101892200596
small-bet,A,26,0.00011771592020077466
dollar,N,24,0.00011704686964541754
happily,R,11,8.466697733553292e-05
meeting,N,45,0.00017212934067843843
patiently,R,14,9.070299961595923e-05
spring,N,32,0.00012763550737602056
individual,N,106,0.0002605436750287498
influence,V,84,0.00021411423256527523
confirm,V,28,0.00013270472604390328
lay,V,36,0.00019652720500031487
route,N,29,0.00013789919219006156
speed,N,12,9.196632987899582e-05
rain,N,83,0.00025205739700612955
biz,N,3,8.278296690438777e-05
millionaire,N,3,8.278296690438777e-05
blanket,N,26,0.00011205388240870988
melt,V,34,0.00014506754587641002
wrap,V,26,0.00011205388240870988
bleak,A,14,9.555226877451975e-05
self-imposed,A,14,9.555226877451975e-05
unroll,N,14,9.555226877451975e-05
bless,V,16,0.00011439614918314412
bottle,N,61,0.00021379930277842858
conscious,A,16,0.00011439614918314412
container,N,16,0.00011439614918314412
environmentally,R,16,0.00011439614918314412
grief,N,16,0.00011439614918314412
shoot,V,16,0.00011439614918314412
blessing,N,15,9.587029590663771e-05
intergenerational,A,9,8.395731526730583e-05
translator,N,9,8.395731526730583e-05
bliss,N,26,0.00011874133420789563
crime,N,61,0.00020756740233232376
organizer,N,26,0.00011874133420789563
break,N,12,8.61976133917572e-05
build,V,65,0.0002340242009429234
corner,N,14,0.00010507915175851269
cyclist,N,4,6.650963731654619e-05
doorway,N,6,9.549877776060612e-05
mean,V,78,0.00023727170202710924
observe,V,29,0.00015914415664352831
occupy,V,17,9.015990934345849e-05
silence,N,14,0.00010507915175851269
succeed,V,6,9.549877776060612e-05
top,A,6,9.549877776060612e-05
candle,N,16,0.00010468333114316886
distract,V,16,0.00010468333114316886
gratification,N,16,0.00010468333114316886
switch,V,16,0.00010468333114316886
star,N,2,6.57849636881518e-05
liberty,N,50,0.00016405461856598
opportunity,N,72,0.00019929255223450574
prince,N,40,0.00013757749500505466
career,N,12,0.00010891763388937105
climate-proofed,N,36,0.0001343612021851198
define,V,12,0.00010891763388937105
doer,N,12,0.00010891763388937105
extraordinary,A,12,0.00010891763388937105
rigorous,A,36,0.0001343612021851198
scrutiny,N,36,0.0001343612021851198
success,N,12,0.00010891763388937105
thinker,N,12,0.00010891763388937105
uninhabitable,A,32,0.00016189538718685144
boom,V,5,6.806041381648459e-05
boost,V,3,7.358917293634254e-05
efficiency,N,18,0.00015926352778027002
grey,A,45,0.00015290588691899964
campaign,V,30,0.00012258824782274114
discussion,N,39,0.00014749169537968496
egg,N,44,0.0002060788963641298
fuck,N,17,9.575658922561994e-05
inspirational,A,26,0.00012844691539400492
keenly,R,20,9.916117281881805e-05
outrageous,A,16,9.755554120956646e-05
rally,V,30,0.00012258824782274114
shock,N,16,9.755554120956646e-05
brace,V,17,8.98898608386618e-05
brain,N,10,9.759447679036945e-05
coast,N,10,9.759447679036945e-05
majority,N,10,9.759447679036945e-05
wash,V,10,9.759447679036945e-05
declaration,N,4,6.649818046148386e-05
liveable,A,84,0.00020898865512567532
press,N,39,0.00018893933944167182
wind,N,43,0.0002450436798201956
brave,V,2,6.063569136319489e-05
preparedness,N,10,7.863966168251511e-05
breach,N,11,8.424485027413712e-05
frontlines,N,11,8.424485027413712e-05
halt,N,10,7.705674603626325e-05
reflection,N,9,8.239577182212631e-05
statt,N,3,6.416419629620248e-05
necessary,A,32,0.00011942021232652558
piece,N,73,0.00021695612030556732
release,N,29,0.00014289008609718942
societal,A,13,9.909072017421847e-05
undress,V,13,9.909072017421847e-05
vulnerability,N,13,9.909072017421847e-05
welcome,V,145,0.0003229923455497754
breathe,N,12,9.086136570742829e-05
credit,N,12,9.086136570742829e-05
electronics,N,12,9.086136570742829e-05
brew,N,6,6.715822439603236e-05
cycle,N,10,9.443882240981888e-05
dwindle,V,10,8.597134701849232e-05
ease,V,10,8.597134701849232e-05
effort,N,37,0.0002188307287494964
forever,R,56,0.00019285628747929085
insight,N,20,0.00012352483509585878
sing,V,16,9.379270129976751e-05
skate,V,18,0.00010238105588280592
starter,N,11,8.385892389337655e-05
utopian,A,10,9.443882240981888e-05
vastly,R,10,9.443882240981888e-05
well-mannered,A,18,0.00010238105588280592
bright,A,248,0.0005233230407405366
gun,V,240,0.0004950699604047069
troubled,A,8,7.337806985063327e-05
caveat,N,16,8.490592935846719e-05
recycle,V,6,6.982031442155072e-05
bus,N,17,9.888412043404187e-05
floral,A,8,8.117218919689168e-05
inner,A,15,9.319354858011841e-05
jacket,N,8,8.117218919689168e-05
journey,N,15,9.319354858011841e-05
joy,N,20,0.00011494477313173102
sq,N,17,9.888412043404187e-05
tag,V,17,9.888412043404187e-05
broadcaster,N,64,0.00019773458665085726
collection,N,64,0.00019773458665085726
heartfelt,A,71,0.0002260572097461651
mob,N,64,0.00019773458665085726
naturalist,N,64,0.00019773458665085726
tonight,R,64,0.00019773458665085726
brother,N,4,8.182957104696601e-05
unacceptable,A,4,8.182957104696601e-05
camp,N,33,0.0001491147950035739
drink,N,30,0.00014277312282196536
re-sell,V,3,6.369835870679296e-05
build-up,N,5,0.00012407239004210013
mellow,A,5,0.00012407239004210013
presence,N,5,0.00012407239004210013
sense,V,5,0.00012407239004210013
building,N,37,0.00015963962607082335
commentary,N,26,0.00013256133203579868
health,N,90,0.00029309139805488353
lack,N,26,0.00013256133203579868
omit,V,26,0.00013256133203579868
statewide,A,26,0.00013256133203579868
bullying,N,7,7.81862447283712e-05
successfully,R,14,0.00010128599811024826
bum,N,3,8.458886618022674e-05
crack,N,3,8.458886618022674e-05
bump,V,12,9.853943594375622e-05
independent,A,12,9.853943594375622e-05
pleasure,N,12,9.853943594375622e-05
drag,V,8,8.234350048882017e-05
idiot,N,8,8.234350048882017e-05
permit,V,20,9.641492146089943e-05
replace,V,16,0.0001131326571867094
nail,N,17,8.94744407811053e-05
chap,N,5,6.898670166646578e-05
minister,N,69,0.00024680803065806013
placard,N,74,0.0002057779810898015
buy-to-let,N,19,0.00012083479523381432
hippy,N,40,0.00018775414690389816
maw,N,19,0.00012083479523381432
new-build,A,19,0.00012083479523381432
pathetic,A,19,0.00012083479523381432
portfolio,N,19,0.00012083479523381432
swallow,V,19,0.00012083479523381432
yawning,A,19,0.00012083479523381432
cruelty,N,17,0.00011025070818456933
farmer,N,17,0.00011025070818456933
gorgeous,A,7,7.263540984518986e-05
hammer,V,17,0.00011025070818456933
male,N,17,0.00011025070818456933
penny,N,17,0.00011025070818456933
mobilization,N,12,7.746494343168836e-05
clean,V,28,0.00012086561124406445
collect,V,42,0.00020252486920029118
confiscate,V,69,0.0001840427994881434
district,N,11,9.587514202088211e-05
epicentre,N,11,9.587514202088211e-05
fashion,N,11,9.587514202088211e-05
litter,N,28,0.00012086561124406445
network,N,8,7.155832932279547e-05
prohibition,N,19,9.689534887271568e-05
right,A,19,9.689534887271568e-05
use,N,19,9.689534887271568e-05
campaigner,N,89,0.00027475136649466865
endlessly,R,42,0.00014430552747729669
ethical,A,11,8.689322997480005e-05
gdp,N,56,0.0002047187673123956
illustration,N,19,9.207354247272268e-05
leaver,N,42,0.00014430552747729669
precede,V,11,8.689322997480005e-05
propaganda,N,19,0.0001028875442510373
chat,V,22,0.0001162093085411607
guilty,A,21,0.00011099939881905647
lady,N,46,0.00017818649868379458
necessity,N,21,0.00011099939881905647
pronounce,V,22,0.0001162093085411607
sister,N,22,0.0001162093085411607
cancel,V,20,0.00010053272968717843
club,N,20,0.00010053272968717843
open,A,215,0.0004903529720525644
cell,N,14,0.000109958699476735
ideology,N,14,0.000109958699476735
healthy,A,98,0.00026998662077137414
mum,N,22,0.00010760471375661452
cant,V,12,7.918124661496955e-05
exam,N,31,0.00013481324471377828
decoupling,N,14,9.391062540069712e-05
revelation,N,1,6.238900936919746e-05
stance,N,14,9.391062540069712e-05
capture,V,33,0.00013067198345465293
sell,V,49,0.00017540598153459444
volunteer,N,33,0.00013067198345465293
meanwhile,R,35,0.0001531986002087504
truck,N,1,5.9785848254925025e-05
card,N,36,0.00013833432900768586
footprint,N,21,9.706171189273577e-05
gate,N,36,0.00013833432900768586
income,N,12,9.011066360042235e-05
inequity,N,36,0.00013833432900768586
mind,N,35,0.00013327728149104665
recommend,V,36,0.00013833432900768586
slow,V,22,9.85196278441169e-05
ultra-rich,A,12,9.011066360042235e-05
ethic,N,16,9.325296870404525e-05
question,V,16,9.325296870404525e-05
seriousness,N,12,7.820520766683696e-05
expose,V,15,0.00013503981036230194
fever,N,24,0.00013440166468800486
yellow,A,10,9.762797078113861e-05
harm,N,1,0.00010779345994825674
consequence,N,23,0.00011579728441088149
hourly,A,10,8.217903316106167e-05
slippery,A,16,9.775150702608945e-05
slope,N,16,9.775150702608945e-05
verify,V,16,9.775150702608945e-05
catalog,N,28,0.00015089458323442288
cook,V,28,0.00015089458323442288
cover,N,28,0.00015089458323442288
doomed,A,28,0.00015089458323442288
famine,N,28,0.00015089458323442288
sun,N,28,0.00015089458323442288
wreak,V,28,0.00015089458323442288
date,N,12,8.937334499816426e-05
erosion,N,27,0.00010834017637828193
expiration,N,12,8.937334499816426e-05
kill,V,201,0.0004215344185926398
nuclear,A,34,0.00012415514242946794
real-world,A,20,9.961254327110189e-05
weapon,N,80,0.00021953395781146342
conflict,N,29,0.00012829536773034626
contribution,N,14,9.092386907296806e-05
halt,V,26,0.00011691454358931439
race,N,7,7.230719706821825e-05
refugee,N,62,0.00018164672730259634
civilisation,N,26,0.00011849140805449921
extreme,A,84,0.0002402129162686573
negligence,N,13,8.341210409754636e-05
organiser,N,12,8.453154523945445e-05
reckoning,N,18,9.154879303754823e-05
sheriff,N,36,0.00013557118799852156
ceilidh,N,8,7.08623421813006e-05
intelligent,A,34,0.0001364231338032196
perfect,A,43,0.00016082755619461266
read,N,17,9.489879584768135e-05
sensible,A,17,9.489879584768135e-05
ceremony,N,11,9.828411534550997e-05
funeral,N,40,0.0002144818601465556
officiate,V,11,9.828411534550997e-05
priest,N,11,9.828411534550997e-05
style,N,11,9.828411534550997e-05
combat,V,9,9.188496047047296e-05
commitment,N,34,0.0001766441614414823
continuation,N,14,8.677811753066242e-05
curriculum,N,9,8.649563068490723e-05
dioxide,N,22,0.00013787052675659606
effective,A,26,0.0001124625119342188
efficient,A,9,9.188496047047296e-05
expensive,A,12,7.767636456453526e-05
figure,N,11,7.633310291549572e-05
fire,V,14,9.050321290307944e-05
forthcoming,A,9,8.649563068490723e-05
furious,A,15,9.665334614731777e-05
gay,A,17,9.648911753618684e-05
habitat,N,417,0.0007639402840024642
hoax,N,18,0.00010640461994147459
holocaust,N,3,6.290239769376907e-05
hypocritical,A,22,0.00012024339225455148
joke,N,88,0.00022213387087037617
labor,N,40,0.00013702428621897657
labour,N,41,0.00014962162348112413
lecture,N,18,0.00010090250889664328
legislation,N,8,7.17840257697036e-05
lucky,A,9,8.649563068490723e-05
mile,N,22,0.00012024339225455148
mp,N,104,0.00024054224154171342
negotiate,V,13,8.283778572761046e-05
pollute,V,22,0.00012024339225455148
ppm,N,26,0.00011822620022777206
quit,V,15,9.086573920836252e-05
radical,A,15,9.086573920836252e-05
reckon,V,22,0.00010042013661939831
rep,N,8,8.022608419727083e-05
researcher,N,3,6.551311605029196e-05
retweet,V,22,0.00012024339225455148
rightly,R,15,9.665334614731777e-05
safeguard,V,9,9.188496047047296e-05
shirk,V,104,0.00024054224154171342
silently,R,15,9.086573920836252e-05
sincerely,R,40,0.00013702428621897657
spawn,V,18,0.00010090250889664328
squander,V,8,8.022608419727083e-05
terrifying,A,12,8.781827229161464e-05
topic,N,23,0.0001315011373454641
tutting,V,18,9.15631500070597e-05
twat,N,22,0.00012024339225455148
unforgivable,A,104,0.00024054224154171342
upgrade,V,14,9.050321290307944e-05
uplift,V,17,9.188442592582376e-05
urgently,R,120,0.0002920629990631743
fundamental,N,30,0.00011982554892983114
indeed,R,29,0.00012098432256509893
love,N,57,0.00018001146080745062
relief,N,11,8.260541733214946e-05
tip,N,15,0.00011789887287221994
chapter,N,8,8.694479110049788e-05
degc,N,8,8.694479110049788e-05
summary,N,18,0.000122972107781762
chase,V,250,0.0004847092750481251
commiserate,V,120,0.00026955501591194607
contrast,N,120,0.00026955501591194607
fried,A,120,0.00026955501591194607
magnificent,A,120,0.00026955501591194607
nap,N,120,0.00026955501591194607
rice,N,120,0.00026955501591194607
unsuccessfully,R,250,0.0004847092750481251
chat,N,12,8.805308454177632e-05
yard,N,12,8.805308454177632e-05
check,N,44,0.0001360950109773642
comedy,N,7,7.530965451465072e-05
consumption,N,13,9.145186287019935e-05
dystopian,A,9,0.0001027729087473868
evolve,V,24,0.0001322148863447744
feed,V,9,0.0001027729087473868
nightmare,N,9,0.0001027729087473868
outpouring,N,7,7.105767871996594e-05
tail,N,9,0.0001027729087473868
confront,V,17,9.508170182645139e-05
expense,N,12,8.758707367336008e-05
film,V,16,0.00010476048534067454
grave,A,17,9.508170182645139e-05
inhabitant,N,19,9.938884908843767e-05
legacy,N,32,0.0001202532238716323
miserly,A,9,7.774051478426748e-05
oversight,N,16,0.00010476048534067454
poison,N,28,0.00011801769795186879
responsible,A,20,0.00011506947711254682
retention,N,16,0.00010476048534067454
sad,A,63,0.00021389568601360838
slave,N,19,9.938884908843767e-05
somebody,N,60,0.00016304272006399014
sort,V,17,0.00011956118116239275
study,V,32,0.0001202532238716323
surveillance,N,16,0.00010476048534067454
technology,N,16,0.00010476048534067454
unaccompanied,A,16,8.688508213796085e-05
unethical,A,4,7.362595702444579e-05
uphold,V,28,0.00011801769795186879
wisdom,N,24,0.00010177511339389987
estimated,A,13,8.11727156016221e-05
stark,A,36,0.00014751189247992071
visualization,N,36,0.00014751189247992071
church,N,24,0.00011951749995146323
rebuild,V,24,0.00011951749995146323
wipe,V,37,0.00016218785202225274
cigarette,N,17,0.0001006925152413676
connectivity,N,17,0.0001006925152413676
oblige,V,14,0.00010335422140838132
request,V,14,0.00010335422140838132
governance,N,15,9.380543909193368e-05
hunger,N,15,9.380543909193368e-05
region,N,5,7.101511345052229e-05
tremendous,A,19,9.248362078148598e-05
wonderful,A,17,0.00011006917049381681
door,N,13,8.327378692308636e-05
nearly,R,20,9.846850621170048e-05
widely,R,22,9.890868629032285e-05
worker,N,78,0.00020424991762272478
hell,N,74,0.0001984764899428513
methane,N,72,0.00018938254572370148
survive,V,104,0.00028591151227699255
claim,N,3,9.378236925651031e-05
slap,V,3,9.378236925651031e-05
claim,V,12,0.0001163039117461524
flyer,N,17,0.00012807718188822327
frequent,A,12,0.0001163039117461524
recently,R,26,0.00015302153517171823
tracker,N,12,0.0001163039117461524
videoconferencing,N,12,0.0001163039117461524
gaf,V,10,8.013431412342726e-05
grade,V,10,8.013431412342726e-05
resolve,V,32,0.0001222422569756499
strengthen,V,32,0.0001222422569756499
foldable,A,49,0.0001456241241849955
clear,V,4,6.485293731702129e-05
determined,A,20,0.00010372018200268949
discover,V,17,8.965876555405987e-05
climate-crisis,N,15,0.00011194197242527914
cultural,A,15,0.00011194197242527914
develop,V,21,0.0001263073804837646
humane,A,15,0.00011194197242527914
phd,N,15,0.00011194197242527914
sector,N,15,0.00011194197242527914
climate-denial,N,30,0.00013439349945804167
convoy,N,30,0.00013439349945804167
trucker,N,30,0.00013439349945804167
close,A,324,0.0006105729177065735
closed,A,17,9.516952867676431e-05
far-right,A,17,9.516952867676431e-05
vest,N,17,9.516952867676431e-05
clothing,N,6,6.755453298790408e-05
conversation,N,5,7.017532567980444e-05
edition,N,65,0.00019928497187910192
nominee,N,10,8.122831010897768e-05
eternity,N,6,8.341389140323223e-05
pipeline,N,36,0.00012941334407919712
religious,A,6,8.341389140323223e-05
rug,N,36,0.00012941334407919712
coal-cuddling,N,7,7.903322121702265e-05
inconvenient,A,7,7.903322121702265e-05
coal-fired,A,14,8.632063710004474e-05
degf,N,24,0.0001337371852052324
depressingly,R,15,0.00010279672080046334
low,N,15,9.787036443266673e-05
rain,V,15,0.00010279672080046334
record,N,40,0.0001658577345055171
sleet,N,15,0.00010279672080046334
snap,N,15,0.00010279672080046334
collaboration,N,9,7.081121805103428e-05
farm,N,250,0.00047083297315678293
forward,R,35,0.0001330830141391614
debris,N,8,0.00010258241230021472
hunter,N,8,0.00010258241230021472
portrait,N,6,7.276267334432665e-05
idiocy,N,28,0.00012546753361008872
suicide,N,28,0.00012546753361008872
tyranny,N,28,0.00012546753361008872
con,V,38,0.00013754400241162884
obsess,V,30,0.00011614606053003158
personally,R,30,0.00011614606053003158
college,N,18,0.00012411353395297382
sophomore,N,18,0.00012411353395297382
statistically,R,18,0.00012411353395297382
color,N,7,0.0001988319501368625
crystal,N,7,0.0001988319501368625
divine,A,7,0.0001988319501368625
flow,N,7,0.0001988319501368625
gift,N,14,0.0002319930191931149
holy,A,7,0.0001988319501368625
solemn,A,7,0.0001988319501368625
colour,N,28,0.00013774164972361482
exploration,N,23,0.00010880880173556897
mouth,N,23,0.00010880880173556897
petrol,N,5,7.657876251214549e-05
soundbites,N,23,0.00010880880173556897
compromise,V,22,9.475323657946009e-05
dinosaur,N,7,6.886472273764336e-05
dude,N,42,0.0001384483039978503
mee,O,5,6.612727019498971e-05
mourn,V,48,0.00016284329252451275
nerve,N,42,0.0001384483039978503
permit,N,42,0.0001384483039978503
symbolic,A,19,0.00010653919436863363
trajectory,N,9,7.668563612002544e-05
commemorate,V,13,8.181664335357849e-05
honour,V,14,0.00010687767519797304
painful,A,21,0.00012253282613803928
committee,N,11,0.00010240395765263467
dissemination,N,11,0.00010240395765263467
judgment,N,11,0.00010240395765263467
relevant,A,14,0.00010932416422655149
consideration,N,48,0.00014495265201841797
complicate,V,4,0.00010518292565602921
expansion,N,4,0.00010518292565602921
warning,N,4,0.00010518292565602921
retake,V,8,7.265389944879512e-05
concede,V,30,0.00011677134879246339
disagree,V,30,0.00011677134879246339
greed,N,30,0.00011677134879246339
link,N,30,0.0001403812761183155
rare,A,6,7.541759277992366e-05
confident,A,5,6.592543191956873e-05
off-track,A,16,9.363288040692289e-05
potentially,R,16,9.363288040692289e-05
congratulation,N,8,8.928253168086946e-05
move,N,8,8.928253168086946e-05
price,N,8,8.928253168086946e-05
connect,V,9,7.798915054746206e-05
email,N,9,7.798915054746206e-05
conscience,N,19,9.687315382237856e-05
regatta,N,19,9.687315382237856e-05
real-life,A,13,8.59021236883322e-05
constantly,R,11,9.326918246030014e-05
explore,V,11,9.326918246030014e-05
landscape,N,11,9.326918246030014e-05
consumer,N,6,7.854170229285634e-05
unemployment,N,6,7.854170229285634e-05
definitely,R,31,0.00011957441723182933
gasoline,N,12,9.245983672868116e-05
pour,V,12,9.245983672868116e-05
contribute,V,6,7.091378433432865e-05
converge,V,28,0.00011932426974459347
rejection,N,28,0.00011932426974459347
cool,V,5,6.41732911918613e-05
cooperatively,R,13,8.593948474870963e-05
gp,N,13,8.593948474870963e-05
fault,N,11,8.9202423929515e-05
perspective,N,11,8.9202423929515e-05
protestor,N,27,0.00012398075046091397
veto,N,11,8.169313806443074e-05
exactly,R,60,0.00017653125764353046
indifference,N,15,0.00010563621518246339
inflict,V,15,0.00010563621518246339
mention,N,10,7.69843395170978e-05
paper,N,76,0.00021811850527362706
phenomenal,A,9,7.292807145357143e-05
print,N,60,0.0001765312576435305
shameful,A,11,7.880007149430183e-05
unimaginable,A,15,0.00010563621518246339
unity,N,5,6.744429580867275e-05
wealthy,A,15,0.00010563621518246339
union,N,8,7.377045801660887e-05
east,A,18,9.781119796619105e-05
murder,V,21,9.814953580484217e-05
obligation,N,21,9.814953580484217e-05
procession,N,18,9.781119796619105e-05
expand,V,11,9.355233128983012e-05
immoral,A,11,9.355233128983012e-05
unlawful,A,11,9.355233128983012e-05
duration,N,20,0.0001117461659526197
second,N,12,8.731415603703846e-05
cream,N,14,8.938363365417341e-05
hurt,V,18,9.425692656343305e-05
creation,N,5,9.34031344693209e-05
sacrifice,N,5,9.34031344693209e-05
serve,V,5,9.34031344693209e-05
crescendo,N,5,8.54000398205812e-05
manufacturing,N,5,8.54000398205812e-05
quiet,A,18,9.360088286393375e-05
students_strike,N,7,6.874739436022996e-05
evil,A,8,7.937170214207252e-05
statute,N,8,7.937170214207252e-05
delegate,N,17,9.81920581917115e-05
ecosystem,N,15,0.00010497302117164016
equal,A,17,9.81920581917115e-05
fish,N,29,0.00014942868770527728
fox,N,15,0.00010497302117164016
household,N,12,7.777844770807062e-05
invent,V,396,0.0006796861811903765
liberal,A,15,0.00010497302117164016
pet,N,15,0.00010497302117164016
theme,N,17,9.81920581917115e-05
vacation,N,510,0.0008691267466704145
critically,R,7,7.498006023014344e-05
crusade,N,4,8.315104178544567e-05
insane,A,4,8.315104178544567e-05
fool,N,16,9.628070093117127e-05
petty,A,16,9.628070093117127e-05
hill,N,8,7.599835669049715e-05
daddy,N,4,6.466319771866716e-05
dail,N,6,7.865484566946972e-05
lunchtime,N,6,7.865484566946972e-05
damn,R,3,6.148022983178417e-05
footage,N,6,7.045055412500836e-05
formulate,V,17,9.942954164195451e-05
horrifying,A,10,7.557358310805997e-05
housework,N,7,8.338938401267554e-05
kiss,N,6,6.792841909061282e-05
safety,N,17,9.942954164195451e-05
schoolchildren,N,7,7.332806833830022e-05
signal,V,17,9.942954164195451e-05
start,N,38,0.00015594329203925234
ton,N,5,6.774110505643646e-05
train,V,16,8.860333836527202e-05
trendin,V,4,6.397747682395116e-05
typical,A,12,8.178372549956571e-05
virtue,N,17,9.942954164195451e-05
mussel,N,14,9.766478489068504e-05
particle,N,14,9.766478489068504e-05
plastic,N,20,0.0001263642320097463
indefatigable,A,8,8.752695368202615e-05
momentous,A,8,8.752695368202615e-05
peer,N,8,8.752695368202615e-05
debate,V,16,9.180375536431952e-05
defend,V,30,0.0001241273904757203
radio,N,16,9.180375536431952e-05
locally,R,12,8.568117261995729e-05
pop,V,12,8.568117261995729e-05
decline,V,10,8.6720681143163e-05
intimate,A,9,9.081212109781177e-05
relationship,N,9,9.081212109781177e-05
religion,N,9,9.081212109781177e-05
itself,O,14,8.561041496285819e-05
heating,N,9,8.782694974409963e-05
policymakers,N,9,8.782694974409963e-05
trigger,V,19,0.00011089736663397324
end-of-year,A,10,8.99392100078327e-05
possibility,N,10,8.99392100078327e-05
revise,V,10,8.99392100078327e-05
dodge,V,16,9.505888317887186e-05
realistic,A,5,7.691556520902253e-05
senate,N,8,7.938445760934648e-05
soap,N,16,9.505888317887186e-05
roadway,N,12,8.271474042772007e-05
inclusive,A,9,7.264278094939917e-05
deploy,V,32,0.00013861878918910447
good-natured,A,32,0.00013861878918910447
depressing,A,8,8.592748555775045e-05
excitement,N,8,8.592748555775045e-05
sadness,N,12,8.094395495385749e-05
grandparent,N,14,9.192305786494207e-05
nonsense,N,14,9.192305786494207e-05
terrorist,N,45,0.00015016441201740651
theirs,O,45,0.00015016441201740651
diary,N,7,6.962993381217229e-05
dice,V,2,5.959001936291689e-05
organisation,N,32,0.00011798959596501127
director,N,2,0.0001135173515015079
producer,N,2,0.0001135173515015079
disastrous,A,27,0.00012571959862263152
midst,N,27,0.00012571959862263152
trend,N,27,0.00012571959862263152
unprecedented,A,8,7.36167908471968e-05
sympathetic,A,6,7.366327208741777e-05
doc,N,6,7.868815041591752e-05
mess,N,18,0.0001118814075378423
doughnut,N,5,7.763411938946298e-05
formation,N,5,7.763411938946298e-05
ethos,N,17,9.343059527509716e-05
eyebrow,N,3,6.20824648660062e-05
drilling,N,7,0.00012939290237183333
illegal,A,7,0.00012939290237183333
judge,N,7,0.00012939290237183333
open,V,7,0.00012939290237183333
rule,V,7,0.00012939290237183333
match,V,13,9.059501300258479e-05
pursuit,N,13,9.059501300258479e-05
relentless,A,13,9.059501300258479e-05
drought,N,17,9.904475405546538e-05
drummer,N,3,6.294911931661104e-05
gram,N,9,9.24523471072145e-05
hamburger,N,9,9.24523471072145e-05
shower,V,9,9.24523471072145e-05
runway,N,24,0.0001540830395076725
turtle,N,24,0.0001540830395076725
electric,N,8,7.693655465912036e-05
island,N,26,0.00011925121321073069
powerhouse,N,26,0.00011925121321073069
embark,V,3,6.134069038320027e-05
fridaymotivation,N,13,8.303226676655576e-05
greenhouse,N,35,0.00017247701856086024
indicate,V,14,9.719465329882893e-05
restoration,N,14,9.719465329882893e-05
technical,A,13,9.546777954578128e-05
western,A,13,9.546777954578128e-05
exploiter,N,6,7.784060092823331e-05
innovation,N,3,6.409750411952097e-05
sweater,N,6,7.784060092823331e-05
machine,N,18,9.594505582418293e-05
prisoner,N,18,9.594505582418293e-05
et,N,30,0.00011596728978644977
webinar,N,30,0.00011596728978644977
evening,N,3,6.358907759098121e-05
legend,N,8,7.247519068199038e-05
timeout,N,9,7.627398196999086e-05
rooster,N,10,7.667181744476194e-05
rsvp,V,14,8.450678923122235e-05
supply,N,14,8.450678923122235e-05
tommorow,N,3,6.229865599733992e-05
healthcare,N,8,8.170663111712299e-05
grim,A,5,8.610693942400841e-05
reaper,N,5,8.610693942400841e-05
fortunate,A,10,8.269403550701719e-05
opinion,N,9,8.122083121623905e-05
plummet,V,30,0.00011379062270554017
profile,N,9,8.122083121623905e-05
rider,N,16,9.790763796781948e-05
stomp,V,18,0.00010126155082466684
fall,V,22,0.00010921872884062111
glory,N,10,8.056671520409906e-05
five-year-old,A,5,9.439723372766439e-05
hungry,A,5,9.439723372766439e-05
sometimes,R,5,9.439723372766439e-05
unstoppable,A,6,7.027889938612751e-05
following,N,6,6.980995248787366e-05
fossil,A,5,0.00010043185444533765
plunge,V,5,0.00010043185444533765
storage,N,5,0.00010043185444533765
foundation,N,1,5.8224739824795044e-05
fourth,A,4,8.342155975509826e-05
garbage-oligarchs,N,4,8.342155975509826e-05
frog,N,2,6.28879965407061e-05
lost,A,5,8.388602276681791e-05
multi-faith,N,5,8.388602276681791e-05
potent,A,8,8.397040768347987e-05
release,V,8,8.397040768347987e-05
hike,N,48,0.0001472637545932504
notice,V,2,6.013585388870247e-05
shame,N,6,6.715907266729327e-05
impressive,A,10,8.100071425361688e-05
province,N,20,9.156391348975525e-05
stretch,N,14,8.090355566404976e-05
hero,N,9,7.351758933865243e-05
later,R,88,0.00021857006851013172
pleasant,A,11,8.558645335123632e-05
stinking,A,11,8.558645335123632e-05
leap,N,6,6.863051326965045e-05
haka,N,16,8.940246143271014e-05
muslim,A,16,8.940246143271014e-05
hat,N,9,7.766107426801012e-05
virtual,A,9,7.766107426801012e-05
knowledge,N,17,9.048249797026152e-05
target,V,12,9.804840368767303e-05
travel,N,12,9.804840368767303e-05
remarkable,A,13,7.976357886025487e-05
partner,N,7,6.963955222641896e-05
persist,V,15,9.072758778208085e-05
helper,N,5,9.64862518299129e-05
hoomans,N,5,9.64862518299129e-05
science-ists,N,5,9.64862518299129e-05
highschoolers,N,9,7.970443789967261e-05
influential,A,7,8.353787333534176e-05
magazine,N,6,8.047010958664787e-05
noon,N,9,7.448168709119619e-05
tweet,N,80,0.00031865595247939293
volume,N,80,0.00031865595247939293
pin,N,14,9.612921392865382e-05
wear,V,14,9.612921392865382e-05
normally,R,170,0.0003714673889745437
temp,N,180,0.0003942300679555515
winter,N,170,0.0003714673889745437
rise,N,6,6.77915129512801e-05
impression,N,2,5.9693296215602806e-05
overpopulation,N,3,6.39899972445348e-05
interview,V,7,6.919699928562111e-05
roadblock,N,3,6.530675451725838e-05
tour,N,8,7.736713732071766e-05
tune,V,10,7.559425753908395e-05
screw,V,6,7.960684941931155e-05
shovel,V,6,7.960684941931155e-05
regularly,R,8,7.485770139571957e-05
officially,R,2,6.0807990829999105e-05
persistent,A,2,5.999236320950086e-05
path,N,1,5.7978059011043556e-05
peacefull,A,2,0.00010204842678474047
soundtrack,N,2,0.00010204842678474047
struggle,V,3,6.480436653021601e-05
trump,N,1,5.8315751627566705e-05
roundup,N,2,6.231111506605152e-05
version,N,9,7.587004278516422e-05
worthy,A,4,6.39166886046641e-05
